<?xml version="1.0" encoding="iso-8859-1" ?>
<newsitem itemid="20892" id="root" date="1996-08-29" xml:lang="en">
<title>BELGIUM: EU Commission cool on changing beef cull plan.</title>
<headline>EU Commission cool on changing beef cull plan.</headline>
<dateline>BRUSSELS 1996-08-29</dateline>
<text>
<p>The European Commission said on Thursday it would study scientific reports saying Britain's mad cow epidemic would die out by 2001 but offered little prospect the findings would change an agreed slaughter campaign.</p>
<p>&quot;Obviously we are interested in this research. We will ask the (EU) scientific and veterinary committee to examine it,&quot; Commission spokesman Gerard Kiely told Reuters.</p>
<p>But he added that new research into the dynamics of the bovine spongiform encephalopathy (BSE), a fatal brain-wasting disease suffered by cattle, was unlikely to alter a slaughter plan agreed by Britain and its 14 EU partners.</p>
<p>&quot;We agreed that following detailed scientific analysis using a methodology which would take out the maximum number of BSE cases possible. I think it would be very difficult to sell to the European Commission a programme which would involve the elimination of fewer BSE cases,&quot; Kiely said.</p>
<p>&quot;We will look at our approach (to the plan) but we won't get involved with the number of animals to be slaughtered,&quot; he said.</p>
<p>&quot;We have always avoided the question of numbers of animals to be slaughtered, that's not the issue. The issue is the protection of consumers' health and the rapid eradication of BSE,&quot; he added.</p>
<p>The reaction is likely to disappoint British farmers, who seized on research by Oxford scientists in the scientific journal Nature saying it would be hard to get rid of the disease any faster than 2001 without killing vast numbers of cattle.</p>
<p>The researchers predicted there would be 340 new infections and 14,000 new cases of BSE before 2001.</p>
<p>British farmers' leader called on Wednesday for an urgent meeting with ministers to discuss the report.</p>
<p>&quot;I hope the government will now make it clear they believe there is a better way of dealing with this issue,&quot; National Farmers Union president Sir David Naish told BBC radio.</p>
<p>Naish said there was no need for Britain to carry out a planned cull of some 147,000 cattle to which it had reluctantly agreed to placate its European partners.</p>
<p>&quot;The new evidence to me means some of that proposal should be re-examined because we could get away with considerably less animals being culled if in fact scientists throughout Europe accepted this evidence,&quot; Naish said.</p>
<p>The report could well reopen a damaging row between Britain and the EU, which slapped a worldwide ban on British beef after the government said there could be a link between BSE and the human form of the disease.</p>
<p>The issue flared in in March when government scientists admitted that people could become infected with Creutzfeldt-Jakob Disease (CJD) from eating BSE-infected beef.</p>
</text>
<copyright>(c) Reuters Limited 1996</copyright>
<metadata>
<codes class="bip:countries:1.0">
  <code code="EEC">
    <editdetail attribution="Reuters BIP Coding Group" action="confirmed" date="1996-08-29"/>
  </code>
  <code code="UK">
    <editdetail attribution="Reuters BIP Coding Group" action="confirmed" date="1996-08-29"/>
  </code>
</codes>
<codes class="bip:industries:1.0">
  <code code="I01001">
    <editdetail attribution="Reuters BIP Coding Group" action="confirmed" date="1996-08-29"/>
  </code>
  <code code="I0100105">
    <editdetail attribution="Reuters BIP Coding Group" action="confirmed" date="1996-08-29"/>
  </code>
  <code code="I41200">
    <editdetail attribution="Reuters BIP Coding Group" action="confirmed" date="1996-08-29"/>
  </code>
</codes>
<codes class="bip:topics:1.0">
  <code code="C13">
    <editdetail attribution="Reuters BIP Coding Group" action="confirmed" date="1996-08-29"/>
  </code>
  <code code="C24">
    <editdetail attribution="Reuters BIP Coding Group" action="confirmed" date="1996-08-29"/>
  </code>
  <code code="CCAT">
    <editdetail attribution="Reuters BIP Coding Group" action="confirmed" date="1996-08-29"/>
  </code>
  <code code="G15">
    <editdetail attribution="Reuters BIP Coding Group" action="confirmed" date="1996-08-29"/>
  </code>
  <code code="G153">
    <editdetail attribution="Reuters BIP Coding Group" action="confirmed" date="1996-08-29"/>
  </code>
  <code code="GCAT">
    <editdetail attribution="Reuters BIP Coding Group" action="confirmed" date="1996-08-29"/>
  </code>
  <code code="GHEA">
    <editdetail attribution="Reuters BIP Coding Group" action="confirmed" date="1996-08-29"/>
  </code>
</codes>
<dc element="dc.date.created" value="1996-08-29"/>
<dc element="dc.publisher" value="Reuters Holdings Plc"/>
<dc element="dc.date.published" value="1996-08-29"/>
<dc element="dc.source" value="Reuters"/>
<dc element="dc.creator.location" value="BRUSSELS"/>
<dc element="dc.creator.location.country.name" value="BELGIUM"/>
<dc element="dc.source" value="Reuters"/>
</metadata>
</newsitem>
