<?xml version="1.0" encoding="iso-8859-1" ?>
<newsitem itemid="22894" id="root" date="1996-08-29" xml:lang="en">
<title>UK: UK farmers seek urgent government meeting on BSE.</title>
<headline>UK farmers seek urgent government meeting on BSE.</headline>
<byline>David Ljunggren</byline>
<dateline>LONDON 1996-08-29</dateline>
<text>
<p>The head of Britain's farmers union called on Wednesday for an urgent meeting with ministers to discuss a report which said a mad cow epidemic would die out by 2001 without a planned mass cull of cattle.</p>
<p>&quot;I hope the government will now make it clear they believe there is a better way of dealing with this issue,&quot; National Farmers Union president Sir David Naish told BBC radio.</p>
<p>The report by scientists at Oxford University could well reopen a damaging row between Britain and the EU, which slapped a ban on British beef after the government said there could be a link between BSE and the human form of mad cow disease.</p>
<p>Naish said there was no need for Britain to carry out a planned cull of some 147,000 cattle to which it had reluctantly agreed to placate its European partners.</p>
<p>&quot;The new evidence to me means some of that proposal should be re-examined because we could get away with considerably less animals being culled if in fact scientists throughout Europe accepted this evidence,&quot; Naish said.</p>
<p>But this seems highly unlikely after comments by an EU agricultural spokesman on Wednesday who suggested the ban should be kept in place longer than planned in the light of evidence that BSE could be spread from mothers to calves.</p>
<p>Any step in this direction could well trigger more internal strife over Europe within the the ruling Conservative Party, with more nationalist party members doing their best to put the party on a collision course with Brussels.</p>
<p>British Prime Minister John Major at first ordered his ministers to block EU business in protest at the EU ban.</p>
<p>But the row was patched up in June, with leaders agreeing a step-by-step lifting of the ban in return for a cull of some 147,000 cattle most likely to be infected.</p>
<p>&quot;I have been saying consistently since the selective cull was proposed that we didn't believe it was scientifically based. It was a political expedient to satisfy some of the other member states in Europe, going as far as it did,&quot; said Naish.</p>
<p>The Oxford scientists, writing in the scientific journal Nature, said it would be hard to get rid of the disease any faster without slaughtering vast numbers of cattle.</p>
<p>The researchers predicted there would be 340 new infections and 14,000 new cases of BSE before 2001.</p>
<p>They said about 446,000 infected animals were eaten before the use of infected organs was banned in 1989, and 283,000 more before restrictions were tightened last December.</p>
<p>But the report added it was still uncertain how many people would get the human form of Bovine Spongiform Encephalopathy from eating infected beef.</p>
<p>Scientists decided BSE was caused by feeding cows the rendered remains of sheep that had scrapie, a similar brain-wasting disease.</p>
<p>The government banned this type of feed and introduced rules to keep infected beef products out of the food supply.</p>
<p>But in March government scientists admitted that people could become infected with Creutzfeldt-Jakob Disease (CJD), a deadly brain illness, from eating mad cow-infected beef.</p>
</text>
<copyright>(c) Reuters Limited 1996</copyright>
<metadata>
<codes class="bip:countries:1.0">
  <code code="UK">
    <editdetail attribution="Reuters BIP Coding Group" action="confirmed" date="1996-08-29"/>
  </code>
</codes>
<codes class="bip:topics:1.0">
  <code code="C24">
    <editdetail attribution="Reuters BIP Coding Group" action="confirmed" date="1996-08-29"/>
  </code>
</codes>
<dc element="dc.date.created" value="1996-08-29"/>
<dc element="dc.publisher" value="Reuters Holdings Plc"/>
<dc element="dc.date.published" value="1996-08-29"/>
<dc element="dc.source" value="Reuters"/>
<dc element="dc.creator.location" value="LONDON"/>
<dc element="dc.creator.location.country.name" value="UK"/>
<dc element="dc.source" value="Reuters"/>
</metadata>
</newsitem>
