<?xml version="1.0" encoding="iso-8859-1" ?>
<newsitem itemid="37732" id="root" date="1996-09-06" xml:lang="en">
<title>FRANCE: France toughens cosmetic rules against BSE.</title>
<headline>France toughens cosmetic rules against BSE.</headline>
<dateline>PARIS 1996-09-06</dateline>
<text>
<p>France has toughened regulations to protect consumers by prohibiting the sale of cosmetics containing extracts of central nervous systems of ruminants, a health ministry spokeswoman said on Friday.</p>
<p>She said the year-long ban is based on a 1992 advisory &quot;that has largely been observed by manufacturers.&quot;</p>
<p>But the government hardened its stance after concerns were raised this year that consumers might be at risk from cosmetics tainted by extracts of cows stricken by bovine spongiform encephalopathy (BSE), or mad cow disease.</p>
<p>Health authorities suspect a link between BSE and the fatal human equivalent, Creutzfeldt-Jakob disease.</p>
<p>The French ban applies to any extracts from British cows.</p>
</text>
<copyright>(c) Reuters Limited 1996</copyright>
<metadata>
<codes class="bip:countries:1.0">
  <code code="FRA">
    <editdetail attribution="Reuters BIP Coding Group" action="confirmed" date="1996-09-06"/>
  </code>
</codes>
<codes class="bip:industries:1.0">
  <code code="I01001">
    <editdetail attribution="Reuters BIP Coding Group" action="confirmed" date="1996-09-06"/>
  </code>
  <code code="I0100105">
    <editdetail attribution="Reuters BIP Coding Group" action="confirmed" date="1996-09-06"/>
  </code>
  <code code="I25800">
    <editdetail attribution="Reuters BIP Coding Group" action="confirmed" date="1996-09-06"/>
  </code>
  <code code="I41220">
    <editdetail attribution="Reuters BIP Coding Group" action="confirmed" date="1996-09-06"/>
  </code>
</codes>
<codes class="bip:topics:1.0">
  <code code="C13">
    <editdetail attribution="Reuters BIP Coding Group" action="confirmed" date="1996-09-06"/>
  </code>
  <code code="CCAT">
    <editdetail attribution="Reuters BIP Coding Group" action="confirmed" date="1996-09-06"/>
  </code>
  <code code="GCAT">
    <editdetail attribution="Reuters BIP Coding Group" action="confirmed" date="1996-09-06"/>
  </code>
  <code code="GHEA">
    <editdetail attribution="Reuters BIP Coding Group" action="confirmed" date="1996-09-06"/>
  </code>
</codes>
<dc element="dc.date.created" value="1996-09-06"/>
<dc element="dc.publisher" value="Reuters Holdings Plc"/>
<dc element="dc.date.published" value="1996-09-06"/>
<dc element="dc.source" value="Reuters"/>
<dc element="dc.creator.location" value="PARIS"/>
<dc element="dc.creator.location.country.name" value="FRANCE"/>
<dc element="dc.source" value="Reuters"/>
</metadata>
</newsitem>
