<?xml version="1.0" encoding="iso-8859-1" ?>
<newsitem itemid="47714" id="root" date="1996-09-11" xml:lang="en">
<title>UK: Britain may abandon mad cow cattle cull - papers.</title>
<headline>Britain may abandon mad cow cattle cull - papers.</headline>
<dateline>LONDON 1996-09-11</dateline>
<text>
<p>Britain is considering abandoning the slaughter of 147,000 cattle that was planned to eliminate mad cow disease and to convince the European Union to lift a ban on British beef exports, newspapers said on Wednesday.</p>
<p>The Daily Telegraph said Prime Minister John Major and senior ministers would meet on Thursday to discuss the plan, which could enrage Britain's European partners.</p>
<p>&quot;The government is under pressure from farmers and Tory (Conservative) MPs to abandon or reduce drastically the planned slaughter of thousands of apparently healthy cattle in order to satisfy demands from Europe for action to eradicate BSE,&quot; the newspaper said.</p>
<p>Last month Britain welcomed a report by Oxford University scientists predicting that the mad cow, or Bovine Spongiform Encephalopathy (BSE), epidemic would be over by the year 2001 even without the mass cull.</p>
<p>The scientists' report said 700,000 cattle with mad cow disease had been eaten, raising fears that an epidemic of Creutzfeldt-Jakob Disease (CJD), the human form of the brain-wasting ailment, could follow.</p>
<p>The row over mad cow disease broke out in March after the government acknowledged there could be a link between BSE and CJD.</p>
<p>The European Union issued a ban on British beef and its by-products which caused a serious rift with London and resulted in British ministers blocking EU business on the orders of Major.</p>
<p>Britain reluctantly agreed to the cull in exchange for a gradual lifting of the ban.</p>
<p>British Agriculture Minister Douglas Hogg is due to meet European Farm Minister Franz Fischler on Monday to discuss the matter.</p>
<p>&quot;The minister (Hogg) is understood to believe that if there is little likelihood of the ban being lifted soon, there is no point in pressing ahead with the cull that had never been justified on scientific grounds,&quot; The Times newspaper said.</p>
</text>
<copyright>(c) Reuters Limited 1996</copyright>
<metadata>
<codes class="bip:countries:1.0">
  <code code="EEC">
    <editdetail attribution="Reuters BIP Coding Group" action="confirmed" date="1996-09-11"/>
  </code>
  <code code="UK">
    <editdetail attribution="Reuters BIP Coding Group" action="confirmed" date="1996-09-11"/>
  </code>
</codes>
<codes class="bip:industries:1.0">
  <code code="I01001">
    <editdetail attribution="Reuters BIP Coding Group" action="confirmed" date="1996-09-11"/>
  </code>
  <code code="I0100105">
    <editdetail attribution="Reuters BIP Coding Group" action="confirmed" date="1996-09-11"/>
  </code>
  <code code="I41220">
    <editdetail attribution="Reuters BIP Coding Group" action="confirmed" date="1996-09-11"/>
  </code>
</codes>
<codes class="bip:topics:1.0">
  <code code="C13">
    <editdetail attribution="Reuters BIP Coding Group" action="confirmed" date="1996-09-11"/>
  </code>
  <code code="C31">
    <editdetail attribution="Reuters BIP Coding Group" action="confirmed" date="1996-09-11"/>
  </code>
  <code code="C312">
    <editdetail attribution="Reuters BIP Coding Group" action="confirmed" date="1996-09-11"/>
  </code>
  <code code="CCAT">
    <editdetail attribution="Reuters BIP Coding Group" action="confirmed" date="1996-09-11"/>
  </code>
  <code code="G15">
    <editdetail attribution="Reuters BIP Coding Group" action="confirmed" date="1996-09-11"/>
  </code>
  <code code="G153">
    <editdetail attribution="Reuters BIP Coding Group" action="confirmed" date="1996-09-11"/>
  </code>
  <code code="GCAT">
    <editdetail attribution="Reuters BIP Coding Group" action="confirmed" date="1996-09-11"/>
  </code>
</codes>
<dc element="dc.date.created" value="1996-09-11"/>
<dc element="dc.publisher" value="Reuters Holdings Plc"/>
<dc element="dc.date.published" value="1996-09-11"/>
<dc element="dc.source" value="Reuters"/>
<dc element="dc.creator.location" value="LONDON"/>
<dc element="dc.creator.location.country.name" value="UK"/>
<dc element="dc.source" value="Reuters"/>
</metadata>
</newsitem>
