<?xml version="1.0" encoding="iso-8859-1" ?>
<newsitem itemid="48174" id="root" date="1996-09-12" xml:lang="en">
<title>UK: Key dates in &quot;mad cow&quot; scare, beef war.</title>
<headline>Key dates in &quot;mad cow&quot; scare, beef war.</headline>
<dateline>LONDON 1996-09-12</dateline>
<text>
<p>Following are key dates in the history of Britain's &quot;mad cow&quot; beef scare:</p>
<p>1985 - Veterinarians see first signs of new cattle disease.</p>
<p>Nov 1986 - First diagnosis of bovine spongiform encephalopathy (BSE).</p>
<p>1988</p>
<p>June - Britain makes BSE a notifiable disease.</p>
<p>July 7 - Britain says all cows known to be infected with BSE will be destroyed as a precautionary measure.</p>
<p>1989</p>
<p>June 13 - Britain bans human consumption of certain offal, including brain, spinal cord, thymus, spleen and tonsils.</p>
<p>Nov 13 - Ban on use of bovine offals in some animal feed.</p>
<p>1990</p>
<p>March - EC Commission bans exports to the continent from Britain of cattle over six months old. This replaces the restrictions of July 1989 banning cattle born before July, 1988.</p>
<p>BSE is made a notifiable disease throughout the EC.</p>
<p>May 10 - Feline equivalent of BSE identified in a cat in Bristol, the first time a domestic pet is involved.</p>
<p>Sept 25 - Ban on use in animal feed of offal from cattle.</p>
<p>1991</p>
<p>Feb 28 - France reports its first case of BSE.</p>
<p>1993</p>
<p>March 12 - Medical journal The Lancet says death from Creutzfeldt-Jakob Disease (CJD) of a farmer whose herd had BSE was the first fatality involving contact with mad cow disease.</p>
<p>1994</p>
<p>July 18 - EU approves ban on exports of meat, containing bones, from herds not free of BSE for six years instead of two.</p>
<p>Dec 7 - EU agrees to ease export curbs on beef from British cattle born since January 1, 1992.</p>
<p>1995</p>
<p>Dec 14 - New controls imposed in Britain forbidding any use of the spinal column in &quot;mechanically recovered meat&quot;.</p>
<p>1996</p>
<p>Feb 6 - Five German states ban imports of British beef.</p>
<p>March 20 - British government admits for the first time that BSE can be transmitted to humans in the form of CJD.</p>
<p>March 21 - France, Belgium, the Netherlands, Sweden and Portugal ban imports of British beef, and Germany calls for a Europe-wide ban.</p>
<p>March 22 - Germany, Finland, Greece, Austria, Italy, Cyprus, Singapore, New Zealand, South Africa and Finland suspend imports of British beef.</p>
<p>March 23 - Fast-food giant McDonald's suspends the sale of British beef products in all its restaurants in Britain.</p>
<p>March 27 - European Union ban on British beef and beef products announced.</p>
<p>April 1 - Britain offers general and targeted culling of cows. It would involve killing all unproductive cows over the age of 30 months and destroying their carcasses.</p>
<p>April 11 - Netherlands begins to slaughter 64,000 imported British calves because of fears of mad cow disease.</p>
<p>April 14 - European Farm Commissioner Franz Fischler says he would have no worries about eating British beef and export ban was introduced not in interests of public safety but to prevent a collapse of the European beef market.</p>
<p>April 16 - France says it will destroy 70,000 British-born veal calves to prevent their meat from being sold because of fears it may be infected with mad cow disease.</p>
<p>April 24 - Britain to slaughter 40,000 cows to speed elimination of mad cow disease. Offer increased to 80,000 later.</p>
<p>May 21 - Prime Minister John Major says Britain will no longer cooperate in EU business until ban on its beef exports is eased and a framework for a complete lifting put in place.</p>
<p>May 23 - Britain starts policy of non-cooperation by blocking decisions at ministerial level.</p>
<p>May 24 - Britain issues proceedings in the European Court of Justice seeking the annulment of the beef ban.</p>
<p>June 5 - European Commission decides to lift ban on export of British beef by-products -- semen, tallow and gelatine.</p>
<p>June 11 - European Commission formally lifts export ban on British beef by-products.</p>
<p>June 19 - Framework deal for gradual lifting of ban includes Britain agreeing to cull up to 67,000 more older cattle.</p>
<p>June 21 - Deal agreed on lifting beef ban at Florence summit of EU leaders. Britain stops policy of non-cooperation.</p>
<p>July 23 - Scientists say mad cow disease can affect sheep.</p>
<p>Aug 19 -  British coroner rules that a vegetarian who died of CJD caught it from eating beefburgers as a child.</p>
<p>Aug 29 - Scientists say BSE epidemic will die out by 2001.</p>
<p>Sept 11 - Major says Britain will review planned cull of cattle designed to eliminate mad cow disease.</p>
</text>
<copyright>(c) Reuters Limited 1996</copyright>
<metadata>
<codes class="bip:countries:1.0">
  <code code="UK">
    <editdetail attribution="Reuters BIP Coding Group" action="confirmed" date="1996-09-12"/>
  </code>
</codes>
<codes class="bip:topics:1.0">
  <code code="C21">
    <editdetail attribution="Reuters BIP Coding Group" action="confirmed" date="1996-09-12"/>
  </code>
  <code code="C24">
    <editdetail attribution="Reuters BIP Coding Group" action="confirmed" date="1996-09-12"/>
  </code>
  <code code="GVIO">
    <editdetail attribution="Reuters BIP Coding Group" action="confirmed" date="1996-09-12"/>
  </code>
</codes>
<dc element="dc.date.created" value="1996-09-12"/>
<dc element="dc.publisher" value="Reuters Holdings Plc"/>
<dc element="dc.date.published" value="1996-09-12"/>
<dc element="dc.source" value="Reuters"/>
<dc element="dc.creator.location" value="LONDON"/>
<dc element="dc.creator.location.country.name" value="UK"/>
<dc element="dc.source" value="Reuters"/>
</metadata>
</newsitem>
