<?xml version="1.0" encoding="iso-8859-1" ?>
<newsitem itemid="49872" id="root" date="1996-09-12" xml:lang="en">
<title>DENMARK: UN health body to set up mad cow monitor system.</title>
<headline>UN health body to set up mad cow monitor system.</headline>
<dateline>COPENHAGEN 1996-09-12</dateline>
<text>
<p>The World Health Organisation (WHO) said on Thursday it would set up a system to monitor human forms of mad cow disease in parts of Europe outside the existing European Union surveillance network.</p>
<p>Meeting in the Danish capital, WHO Regional Committee for Europe called on member states to implement recommendations aimed at preventing the spread of mad cow disease and variants found in sheep, mink, mules, deer, elk and cats.</p>
<p>Together with several human forms of the brain-wasting disease, they are collectively known as Transmissible Spongiform Encephalopathies (TSEs).</p>
<p>Scientists say the mad cow disease -- Bovine Spongiform Encephalopathy (BSE) -- may be linked to a human equivalent, Creutzfeldt-Jakob Disease.</p>
<p>A panic broke out in March after Britain acknowledged there could be a link between the two diseases, prompting a European Union ban on British beef products.</p>
</text>
<copyright>(c) Reuters Limited 1996</copyright>
<metadata>
<codes class="bip:countries:1.0">
  <code code="DEN">
    <editdetail attribution="Reuters BIP Coding Group" action="confirmed" date="1996-09-12"/>
  </code>
  <code code="EEC">
    <editdetail attribution="Reuters BIP Coding Group" action="confirmed" date="1996-09-12"/>
  </code>
  <code code="UN">
    <editdetail attribution="Reuters BIP Coding Group" action="confirmed" date="1996-09-12"/>
  </code>
</codes>
<codes class="bip:industries:1.0">
  <code code="I01001">
    <editdetail attribution="Reuters BIP Coding Group" action="confirmed" date="1996-09-12"/>
  </code>
  <code code="I0100105">
    <editdetail attribution="Reuters BIP Coding Group" action="confirmed" date="1996-09-12"/>
  </code>
  <code code="I41220">
    <editdetail attribution="Reuters BIP Coding Group" action="confirmed" date="1996-09-12"/>
  </code>
</codes>
<codes class="bip:topics:1.0">
  <code code="C13">
    <editdetail attribution="Reuters BIP Coding Group" action="confirmed" date="1996-09-12"/>
  </code>
  <code code="C24">
    <editdetail attribution="Reuters BIP Coding Group" action="confirmed" date="1996-09-12"/>
  </code>
  <code code="CCAT">
    <editdetail attribution="Reuters BIP Coding Group" action="confirmed" date="1996-09-12"/>
  </code>
  <code code="GCAT">
    <editdetail attribution="Reuters BIP Coding Group" action="confirmed" date="1996-09-12"/>
  </code>
  <code code="GHEA">
    <editdetail attribution="Reuters BIP Coding Group" action="confirmed" date="1996-09-12"/>
  </code>
</codes>
<dc element="dc.date.created" value="1996-09-12"/>
<dc element="dc.publisher" value="Reuters Holdings Plc"/>
<dc element="dc.date.published" value="1996-09-12"/>
<dc element="dc.source" value="Reuters"/>
<dc element="dc.creator.location" value="COPENHAGEN"/>
<dc element="dc.creator.location.country.name" value="DENMARK"/>
<dc element="dc.source" value="Reuters"/>
</metadata>
</newsitem>
