<?xml version="1.0" encoding="iso-8859-1" ?>
<newsitem itemid="60030" id="root" date="1996-09-17" xml:lang="en">
<title>FRANCE: French herd slaughtered after new mad cow case.</title>
<headline>French herd slaughtered after new mad cow case.</headline>
<dateline>PARIS 1996-09-17</dateline>
<text>
<p>A herd of 205 cows has been destroyed in the Mayenne department of western France after the discovery of a case of mad cow disease in the herd, a farm ministry official said on Tuesday.</p>
<p>The official, confirming radio reports of the herd's slaughter, said it was the tenth case of the disease in France this year and the 23rd since 1990.</p>
<p>Virtually all the cases discovered in France have been in the west of the country, especially in Brittany.</p>
<p>French officials have adopted a rigorous policy of destroying the entire herd whenever a case of mad cow disease is detected.</p>
<p>European beef sales have slumped since the European Union in March banned exports of British beef after scientists said there was a possibility that bovine spongiform encephalopathy, or mad cow disease, could infect humans.</p>
</text>
<copyright>(c) Reuters Limited 1996</copyright>
<metadata>
<codes class="bip:countries:1.0">
  <code code="FRA">
    <editdetail attribution="Reuters BIP Coding Group" action="confirmed" date="1996-09-17"/>
  </code>
</codes>
<codes class="bip:industries:1.0">
  <code code="I01001">
    <editdetail attribution="Reuters BIP Coding Group" action="confirmed" date="1996-09-17"/>
  </code>
  <code code="I0100105">
    <editdetail attribution="Reuters BIP Coding Group" action="confirmed" date="1996-09-17"/>
  </code>
  <code code="I41220">
    <editdetail attribution="Reuters BIP Coding Group" action="confirmed" date="1996-09-17"/>
  </code>
</codes>
<codes class="bip:topics:1.0">
  <code code="C13">
    <editdetail attribution="Reuters BIP Coding Group" action="confirmed" date="1996-09-17"/>
  </code>
  <code code="CCAT">
    <editdetail attribution="Reuters BIP Coding Group" action="confirmed" date="1996-09-17"/>
  </code>
  <code code="GCAT">
    <editdetail attribution="Reuters BIP Coding Group" action="confirmed" date="1996-09-17"/>
  </code>
  <code code="GHEA">
    <editdetail attribution="Reuters BIP Coding Group" action="confirmed" date="1996-09-17"/>
  </code>
</codes>
<dc element="dc.date.created" value="1996-09-17"/>
<dc element="dc.publisher" value="Reuters Holdings Plc"/>
<dc element="dc.date.published" value="1996-09-17"/>
<dc element="dc.source" value="Reuters"/>
<dc element="dc.creator.location" value="PARIS"/>
<dc element="dc.creator.location.country.name" value="FRANCE"/>
<dc element="dc.source" value="Reuters"/>
</metadata>
</newsitem>
