<?xml version="1.0" encoding="iso-8859-1" ?>
<newsitem itemid="67551" id="root" date="1996-09-20" xml:lang="en">
<title>UK: Britain back to square one after halting BSE cull.</title>
<headline>Britain back to square one after halting BSE cull.</headline>
<byline>Alan Wheatley</byline>
<dateline>LONDON 1996-09-20</dateline>
<text>
<p>Prospects of an early lifting of a European ban on British beef sales vanished on Friday after the government bowed to domestic political pressure and shelved a cull of up to 147,000 cattle most at risk of mad cow disease.</p>
<p>Farmers' leaders welcomed the decision but it drew an icy response from the European Union, which had insisted on a full-scale cull as part of a deal with Britain aimed at a gradual easing of the crippling embargo imposed in March.</p>
<p>&quot;As long as they do not meet the pre-conditions and until we have a working document from them which we can carefully check, then an end to the export ban is simply not a possibility,&quot; European Union Farm Commissioner Franz Fischler said.</p>
<p>British Agriculture Minister Douglas Hogg said London had called off the selective cull, which is in addition to a rolling programme to destroy 450,000 cattle a year over the age of 30 months, because of fierce opposition in parliament.</p>
<p>&quot;Any minister who wanted to get the cull order through the House of Commons would have to be able to persuade the House of Commons that member states would be able or willing to ... lift the ban. And many members of parliament are deeply concerned,&quot; Hogg told BBC radio.</p>
<p>Prime Minister John Major, who must call an election by May, has a majority of just one in the 651-seat lower chamber. He would have faced certain defeat had the cull been put to a vote.</p>
<p>Major said new projections by Oxford University scientists that mad cow disease would die out within five years, with or without a cull, also justified the government's decision.</p>
<p>&quot;I don't think anybody wishes to see a cull take place which is unnecessary and economically wasteful,&quot; Major told reporters.</p>
<p>&quot;I would ask for a rational debate, rational consideration,&quot; Major added. &quot;No more hysterical overreaction so that gradually we can restore the confidence that I believe should never have been lost in British beef.&quot;</p>
<p>The European Union imposed the ban after British scientists discovered a probable link between mad cow disease, or Bovine Spongiform Encephalopathy (BSE), and the invariably fatal Creutzfeldt-Jakob Disease, which rots human brains.</p>
<p>Major said suspension of the cull did not mean he was tearing up a deal struck at an EU summit in Florence in June. &quot;It was perfectly clear within the Florence agreement that if new evidence arose we had to consider that evidence,&quot; he said.</p>
<p>Hogg did admit, however, that Britain could no longer hope for the ban on beef exports, worth 500 million pounds ($780 million) a year before the crisis erupted, to be lifted by November as Major had hoped after the Florence agreement.</p>
<p>Asked whether the ban would still be in place in five years' time, Hogg added: &quot;It depends on member states. There is a process which enables the ban rapidly and substantially to be lifted, but that depends on member states.&quot;</p>
<p>He said the strategy now would be to get the ban lifted first on so-called certified herds -- cattle primarily fed on grass that have no record of BSE. Such a plan, if agreed by the EU, would be likely to start in Northern Ireland.</p>
<p>Sir David Naish, president of the powerful National Farmers' Union, said he would meet European Farm Commissioner Franz Fischler later on Friday to put Britain's case.</p>
<p>&quot;Our Scottish and our Ulster (Northern Ireland) colleagues do have many more herds that have had no BSE cases, and I hope we can help persuade Commissioner Fischler that this is a way to start the lifting of the beef ban,&quot; he told BBC radio.</p>
<p>Members of the ruling Conservative Party from farming constituencies, who had threatened to vote down the cull when parliament debates it next month, were pleased by the news.</p>
<p>But former prime minister Sir Edward Heath, a fervent pro-European, said: &quot;It will be interpreted widely that the British government reached an agreement at Florence and has now overthrown that agreement unilaterally.&quot;</p>
</text>
<copyright>(c) Reuters Limited 1996</copyright>
<metadata>
<codes class="bip:countries:1.0">
  <code code="EEC">
    <editdetail attribution="Reuters BIP Coding Group" action="confirmed" date="1996-09-20"/>
  </code>
  <code code="UK">
    <editdetail attribution="Reuters BIP Coding Group" action="confirmed" date="1996-09-20"/>
  </code>
</codes>
<codes class="bip:industries:1.0">
  <code code="I01001">
    <editdetail attribution="Reuters BIP Coding Group" action="confirmed" date="1996-09-20"/>
  </code>
  <code code="I0100105">
    <editdetail attribution="Reuters BIP Coding Group" action="confirmed" date="1996-09-20"/>
  </code>
  <code code="I41220">
    <editdetail attribution="Reuters BIP Coding Group" action="confirmed" date="1996-09-20"/>
  </code>
</codes>
<codes class="bip:topics:1.0">
  <code code="C13">
    <editdetail attribution="Reuters BIP Coding Group" action="confirmed" date="1996-09-20"/>
  </code>
  <code code="C31">
    <editdetail attribution="Reuters BIP Coding Group" action="confirmed" date="1996-09-20"/>
  </code>
  <code code="C312">
    <editdetail attribution="Reuters BIP Coding Group" action="confirmed" date="1996-09-20"/>
  </code>
  <code code="CCAT">
    <editdetail attribution="Reuters BIP Coding Group" action="confirmed" date="1996-09-20"/>
  </code>
  <code code="G15">
    <editdetail attribution="Reuters BIP Coding Group" action="confirmed" date="1996-09-20"/>
  </code>
  <code code="G153">
    <editdetail attribution="Reuters BIP Coding Group" action="confirmed" date="1996-09-20"/>
  </code>
  <code code="GCAT">
    <editdetail attribution="Reuters BIP Coding Group" action="confirmed" date="1996-09-20"/>
  </code>
</codes>
<dc element="dc.date.created" value="1996-09-20"/>
<dc element="dc.publisher" value="Reuters Holdings Plc"/>
<dc element="dc.date.published" value="1996-09-20"/>
<dc element="dc.source" value="Reuters"/>
<dc element="dc.creator.location" value="LONDON"/>
<dc element="dc.creator.location.country.name" value="UK"/>
<dc element="dc.source" value="Reuters"/>
</metadata>
</newsitem>
