<?xml version="1.0" encoding="iso-8859-1" ?>
<newsitem itemid="67886" id="root" date="1996-09-20" xml:lang="en">
<title>FRANCE: France bolsters mad cow border ban on British beef.</title>
<headline>France bolsters mad cow border ban on British beef.</headline>
<dateline>PARIS 1996-09-20</dateline>
<text>
<p>France said on Friday it would step up frontier checks barring imports of British beef after London shelved a deal with the European Union to cull cattle most at risk from mad cow disease.</p>
<p>&quot;The unilateral decision taken in these circumstances can only be met with perplexity by other European countries,&quot; French Agriculture Minister Philippe Vasseur told France Info radio.</p>
<p>&quot;It's obvious this has no effect on our attitude towards imports of bovine products or by-products from Britain. Perhaps it makes us even more vigilant,&quot; he said.</p>
<p>&quot;The embargo remains, I'd like to add that I am going to ask for checks to be increased,&quot; he said.</p>
<p>France was the first nation to ban imports of British beef in March, in what quickly widened to a worldwide ban, after London admitted that bovine spongiform encephalopathy (BSE), or mad cow disease, might be passed to humans.</p>
<p>The vast majority of the reported cases of the disease have been confined to Britain.</p>
<p>The EU on Friday ruled out any lifting of the worldwide ban on British beef exports until London respected the terms of a deal cut with EU leaders in June calling for a cull of up to 147,000 extra beef cattle.</p>
<p>The British government said on Thursday it was putting off the cull of beef cattle most at risk from BSE because of new evidence from researchers that the disease would die out on its own in five years.</p>
<p>British Agriculture Minister Douglas Hogg said London had called off the selective cull, which is in addition to a rolling programme to destroy 450,000 cattle a year over the age of 30 months.</p>
</text>
<copyright>(c) Reuters Limited 1996</copyright>
<metadata>
<codes class="bip:countries:1.0">
  <code code="EEC">
    <editdetail attribution="Reuters BIP Coding Group" action="confirmed" date="1996-09-20"/>
  </code>
  <code code="FRA">
    <editdetail attribution="Reuters BIP Coding Group" action="confirmed" date="1996-09-20"/>
  </code>
  <code code="UK">
    <editdetail attribution="Reuters BIP Coding Group" action="confirmed" date="1996-09-20"/>
  </code>
</codes>
<codes class="bip:industries:1.0">
  <code code="I01001">
    <editdetail attribution="Reuters BIP Coding Group" action="confirmed" date="1996-09-20"/>
  </code>
  <code code="I0100105">
    <editdetail attribution="Reuters BIP Coding Group" action="confirmed" date="1996-09-20"/>
  </code>
  <code code="I41220">
    <editdetail attribution="Reuters BIP Coding Group" action="confirmed" date="1996-09-20"/>
  </code>
</codes>
<codes class="bip:topics:1.0">
  <code code="C13">
    <editdetail attribution="Reuters BIP Coding Group" action="confirmed" date="1996-09-20"/>
  </code>
  <code code="C21">
    <editdetail attribution="Reuters BIP Coding Group" action="confirmed" date="1996-09-20"/>
  </code>
  <code code="C24">
    <editdetail attribution="Reuters BIP Coding Group" action="confirmed" date="1996-09-20"/>
  </code>
  <code code="C31">
    <editdetail attribution="Reuters BIP Coding Group" action="confirmed" date="1996-09-20"/>
  </code>
  <code code="C312">
    <editdetail attribution="Reuters BIP Coding Group" action="confirmed" date="1996-09-20"/>
  </code>
  <code code="CCAT">
    <editdetail attribution="Reuters BIP Coding Group" action="confirmed" date="1996-09-20"/>
  </code>
  <code code="G15">
    <editdetail attribution="Reuters BIP Coding Group" action="confirmed" date="1996-09-20"/>
  </code>
  <code code="G153">
    <editdetail attribution="Reuters BIP Coding Group" action="confirmed" date="1996-09-20"/>
  </code>
  <code code="GCAT">
    <editdetail attribution="Reuters BIP Coding Group" action="confirmed" date="1996-09-20"/>
  </code>
</codes>
<dc element="dc.date.created" value="1996-09-20"/>
<dc element="dc.publisher" value="Reuters Holdings Plc"/>
<dc element="dc.date.published" value="1996-09-20"/>
<dc element="dc.source" value="Reuters"/>
<dc element="dc.creator.location" value="PARIS"/>
<dc element="dc.creator.location.country.name" value="FRANCE"/>
<dc element="dc.source" value="Reuters"/>
</metadata>
</newsitem>
