<?xml version="1.0" encoding="iso-8859-1" ?>
<newsitem itemid="7576" id="root" date="1996-08-22" xml:lang="en">
<title>BELGIUM: EU rejects German call to boycott British lamb.</title>
<headline>EU rejects German call to boycott British lamb.</headline>
<byline>Peter Blackburn</byline>
<dateline>BRUSSELS 1996-08-22</dateline>
<text>
<p>The European Commission said on Thursday it disagreed with German advice to consumers to shun British lamb until scientists determine whether mad cow disease can be transmitted to sheep.</p>
<p>Germany's representative to the European Union's veterinary committee Werner Zwingmann said on Wednesday consumers should buy sheepmeat from countries other than Britain until the scientific advice was clearer.</p>
<p>&quot;We don't support any such recommendation because we don't see any grounds for it,&quot; the Commission's chief spokesman Nikolaus van der Pas told a news briefing.</p>
<p>He said further scientific study was required and if it was found that action was needed it should be taken by the European Union.</p>
<p>He said a proposal last month by EU Farm Commissioner Franz Fischler to ban sheep brains, spleens and spinal cords from the human and animal food chains was a highly specific and precautionary move to protect human health.</p>
<p>Fischler proposed EU-wide measures after reports from Britain and France that under laboratory conditions sheep could contract Bovine Spongiform Encephalopathy (BSE) -- mad cow disease.</p>
<p>But Fischler agreed to review his proposal after the EU's standing veterinary committee, mational animal health officials, questioned if such action was justified as there was only a slight risk to human health.</p>
<p>Spanish Farm Minister Loyola de Palacio had earlier accused Fischler at an EU farm ministers' meeting of causing unjustified alarm through &quot;dangerous generalisation.&quot;.</p>
<p>Only France and Britain backed Fischler's proposal.</p>
<p>The EU's scientific veterinary and multidisciplinary committees are due to re-examine the issue early next month and make recommendations to the senior veterinary officials.</p>
<p>Sheep have long been known to contract scrapie, a brain-wasting disease similar to BSE which is believed to have been transferred to cattle through feed containing animal waste.</p>
<p>British farmers denied on Thursday there was any danger to human health from their sheep, but expressed concern that German government advice to consumers to avoid British lamb might influence consumers across Europe.</p>
<p>&quot;What we have to be extremely careful of is how other countries are going to take Germany's lead,&quot; Welsh National Farmers' Union (NFU) chairman John Lloyd Jones said on BBC radio.</p>
<p>Bonn has led efforts to protect public health after consumer confidence collapsed in March after a British report suggested humans could contract an illness similar to mad cow disease by eating contaminated beef.</p>
<p>Germany imported 47,600 sheep from Britain last year, nearly half of total imports. It brought in 4,275 tonnes of British mutton, some 10 percent of overall imports.</p>
</text>
<copyright>(c) Reuters Limited 1996</copyright>
<metadata>
<codes class="bip:countries:1.0">
  <code code="EEC">
    <editdetail attribution="Reuters BIP Coding Group" action="confirmed" date="1996-08-22"/>
  </code>
  <code code="GFR">
    <editdetail attribution="Reuters BIP Coding Group" action="confirmed" date="1996-08-22"/>
  </code>
  <code code="UK">
    <editdetail attribution="Reuters BIP Coding Group" action="confirmed" date="1996-08-22"/>
  </code>
</codes>
<codes class="bip:industries:1.0">
  <code code="I01001">
    <editdetail attribution="Reuters BIP Coding Group" action="confirmed" date="1996-08-22"/>
  </code>
  <code code="I0100124">
    <editdetail attribution="Reuters BIP Coding Group" action="confirmed" date="1996-08-22"/>
  </code>
</codes>
<codes class="bip:topics:1.0">
  <code code="C13">
    <editdetail attribution="Reuters BIP Coding Group" action="confirmed" date="1996-08-22"/>
  </code>
  <code code="C31">
    <editdetail attribution="Reuters BIP Coding Group" action="confirmed" date="1996-08-22"/>
  </code>
  <code code="C312">
    <editdetail attribution="Reuters BIP Coding Group" action="confirmed" date="1996-08-22"/>
  </code>
  <code code="CCAT">
    <editdetail attribution="Reuters BIP Coding Group" action="confirmed" date="1996-08-22"/>
  </code>
  <code code="G15">
    <editdetail attribution="Reuters BIP Coding Group" action="confirmed" date="1996-08-22"/>
  </code>
  <code code="G152">
    <editdetail attribution="Reuters BIP Coding Group" action="confirmed" date="1996-08-22"/>
  </code>
  <code code="GCAT">
    <editdetail attribution="Reuters BIP Coding Group" action="confirmed" date="1996-08-22"/>
  </code>
  <code code="GHEA">
    <editdetail attribution="Reuters BIP Coding Group" action="confirmed" date="1996-08-22"/>
  </code>
</codes>
<dc element="dc.date.created" value="1996-08-22"/>
<dc element="dc.publisher" value="Reuters Holdings Plc"/>
<dc element="dc.date.published" value="1996-08-22"/>
<dc element="dc.source" value="Reuters"/>
<dc element="dc.creator.location" value="BRUSSELS"/>
<dc element="dc.creator.location.country.name" value="BELGIUM"/>
<dc element="dc.source" value="Reuters"/>
</metadata>
</newsitem>
