<?xml version="1.0" encoding="iso-8859-1" ?>
<newsitem itemid="35853" id="root" date="1996-09-05" xml:lang="en">
<title>USA: Xoma files IND for psoriasis drug.</title>
<headline>Xoma files IND for psoriasis drug.</headline>
<dateline>BERKELEY, Calif. 1996-09-05</dateline>
<text>
<p>XOMA Corp said it filed an Investigational New Drug application with the U.S. Food and Drug Administration, for clinical testing of hu1124 in patients with moderate to severe psoriasis.</p>
<p>Hu1124, which was previously referred to as anti-CD11a, is a humanized antibody product XOMA is developing in collaboration with Genentech Inc.</p>
<p>The trial will test the safety of hu1124 in psoriasis patients. XOMA and Genentech are also exploring hu1124 as a treatment to combat organ transplant rejection.  </p>
<p>XOMA said between 400,000 and 800,000 people in the U.S. suffer from a moderate to severe form of psoriasis.</p>
<p>Researchers believe the skin disorder is caused by an inappropriate immune response directed against the body's own skin cells. The hu1124 product blocks the activation of certain immune system cells, or T-cells, which may inhibit their psoriasis-causing activity.</p>
</text>
<copyright>(c) Reuters Limited 1996</copyright>
<metadata>
<codes class="bip:countries:1.0">
  <code code="USA">
    <editdetail attribution="Reuters BIP Coding Group" action="confirmed" date="1996-09-05"/>
  </code>
</codes>
<codes class="bip:industries:1.0">
  <code code="I25670">
    <editdetail attribution="Reuters BIP Coding Group" action="confirmed" date="1996-09-05"/>
  </code>
  <code code="I25700">
    <editdetail attribution="Reuters BIP Coding Group" action="confirmed" date="1996-09-05"/>
  </code>
</codes>
<codes class="bip:topics:1.0">
  <code code="C13">
    <editdetail attribution="Reuters BIP Coding Group" action="confirmed" date="1996-09-05"/>
  </code>
  <code code="C23">
    <editdetail attribution="Reuters BIP Coding Group" action="confirmed" date="1996-09-05"/>
  </code>
  <code code="CCAT">
    <editdetail attribution="Reuters BIP Coding Group" action="confirmed" date="1996-09-05"/>
  </code>
</codes>
<dc element="dc.date.created" value="1996-09-05"/>
<dc element="dc.publisher" value="Reuters Holdings Plc"/>
<dc element="dc.date.published" value="1996-09-05"/>
<dc element="dc.source" value="Reuters"/>
<dc element="dc.creator.location" value="BERKELEY, Calif."/>
<dc element="dc.creator.location.country.name" value="USA"/>
<dc element="dc.source" value="Reuters"/>
</metadata>
</newsitem>
