<?xml version="1.0" encoding="iso-8859-1" ?>
<newsitem itemid="79525" id="root" date="1996-09-26" xml:lang="en">
<title>UK: South African scientists revive frozen rat heart.</title>
<headline>South African scientists revive frozen rat heart.</headline>
<dateline>LONDON 1996-09-26</dateline>
<text>
<p>South African scientists have successfully frozen and revived a rat's heart, raising hopes that organs can be frozen to await transplant, New Scientist magazine reported on Thursday.</p>
<p>Michelle Visser and colleagues at the University of Pretoria used a special cryoprotectant chemical and froze the rat's heart to  minus 196 C (minus 350 F), then gradually brought it back to normal temperature and started it beating again.</p>
<p>The thawing process starts by putting the heart into a solution, at the freezing point of water, that approximates the rat's natural body fluids.</p>
<p>They demonstrated their novel process at the laboratories of the Alcor Life Extension Foundation in Phoenix, Arizona, which partly paid for the research.</p>
<p>They are keeping the formula of the cryoprotectant liquid secret until they publish their results in a scientific journal in November.</p>
<p>Visser's group said they had also used their process on livers, kidneys and even rat brains.</p>
<p>&quot;It's quite possible one day we will be transplanting frozen organs into humans,&quot; she told New Scientist.</p>
</text>
<copyright>(c) Reuters Limited 1996</copyright>
<metadata>
<codes class="bip:countries:1.0">
  <code code="SAFR">
    <editdetail attribution="Reuters BIP Coding Group" action="confirmed" date="1996-09-26"/>
  </code>
  <code code="UK">
    <editdetail attribution="Reuters BIP Coding Group" action="confirmed" date="1996-09-26"/>
  </code>
</codes>
<codes class="bip:topics:1.0">
  <code code="GCAT">
    <editdetail attribution="Reuters BIP Coding Group" action="confirmed" date="1996-09-26"/>
  </code>
  <code code="GSCI">
    <editdetail attribution="Reuters BIP Coding Group" action="confirmed" date="1996-09-26"/>
  </code>
</codes>
<dc element="dc.date.created" value="1996-09-26"/>
<dc element="dc.publisher" value="Reuters Holdings Plc"/>
<dc element="dc.date.published" value="1996-09-26"/>
<dc element="dc.source" value="Reuters"/>
<dc element="dc.creator.location" value="LONDON"/>
<dc element="dc.creator.location.country.name" value="UK"/>
<dc element="dc.source" value="Reuters"/>
</metadata>
</newsitem>
