<?xml version="1.0" encoding="iso-8859-1" ?>
<newsitem itemid="70456" id="root" date="1996-09-23" xml:lang="en">
<title>USA: U.S. municipal bond and tax ballot proposals.</title>
<headline>U.S. municipal bond and tax ballot proposals.</headline>
<text>
<p>BALLOT PROPOSALS</p>
<p>SEPT 24</p>
<p>--$18.2 million Woodbury, N.J., Board of Education school renovation bonds.</p>
<p>SEPT 28</p>
<p>--$174.6 million Richardson Independent School District, Texas, school GOs.</p>
<p>--$4 million Community Independent School District, Texas, GO school bonds.</p>
<p>--$2.5 million Lipan Independent School District, Texas, GO school bonds.</p>
<p>OCT 5</p>
<p>--$85 million Humble Ind Sch Dist, Texas, g.o. school bonds</p>
<p>--$66.8 million LaPorte Ind Sch Dist, Texas, school g.o. bonds.</p>
<p>--$44.125 million Lake Travis Ind Sch Dist, Texas, g.o. school bonds.</p>
<p>--$11 million Hillsboro Ind Sch Dist, Texas, g.o. school bonds.</p>
<p>OCT 8</p>
<p>--$94.5 million Tulsa Ind Sch Dist, Okla., g.o school bonds.</p>
<p>OCT. 12</p>
<p>--$20 million Jasper Ind Sch Dist, Texas, g.o. school bonds.</p>
<p>OCT. 15</p>
<p>--Platteville School District, Wis., $15 million building bond issue.</p>
<p>NOV 5</p>
<p>--$3.9 billion, 10-year plan to build a 25-mile &quot;starter&quot; light rail system, develop 81 miles of commuter rail lines and improve bus service and highway express lanes, in Seattle, Wash. About $1.05 billion would be raised by issuing bonds.</p>
<p>--$2 billion Los Angeles Unified School District, Calif., school bonds.</p>
<p>--$1.8 billion North Carolina GO bonds for schools.</p>
<p>--$1.75 billion New York Clean Water, Clean Air Bond Act. Would fund a variety of environmental projects through-out the state.</p>
<p>--$995 million, California Proposition 204 - Safe, Clean, Reliable Water Supply Act. Would authorize the issuance of general obligation bonds to finance water programs.</p>
<p>--$950 million North Carolina GO bonds for highways.</p>
<p>--$750 million Los Angeles, Calif., park bonds.</p>
<p>--$700 million, California Proposition 205 - Youthful and Adult Offender Local Facilities Bond Act of 1996. Would authorize the issuance of general obligation bonds to construct, renovate, remodel and replace county juvenile and adult correctional facilities.</p>
<p>--$550 million West Virginia GO bonds for roads.</p>
<p>--$400 million, California Proposition 206 - Veterans' Bond Act of 1996. Would authorize the issuance of general obligation bonds to fund a program of farm, home and mobilehome loans.</p>
<p>--$319 million Los Angeles Cty, Calif., greenbelt, zoo improvement bonds.</p>
<p>--$300 million New Jersey port dredging bonds.</p>
<p>--$225 million Sacramento Unif Sch Dist, Calif., school g.o. bonds.</p>
<p>--$200 million Dade County, Fla., general obligation bonds for parks.</p>
<p>--$174.8 million Chesterfield Cty, Va., GO bonds for schools.</p>
<p>--Dade Cty, Fla., votes on whether tax money can be used to build $165 million basketball arena for Miami Heat.</p>
<p>--$115 million of Richmond Cty, Ga, GO bonds for schools.</p>
<p>--$100 million San Francisco, Calif., general obligation bonds.</p>
<p>--$100 million Colorado Springs, Colo., school bonds.</p>
<p>--$98.4 million Charlotte, N.C., GO bonds for streets and drainage.</p>
<p>--$89.6 million Baltimore County, Md., GO bonds for schools.</p>
<p>--$86.3 million Durham, N.C., GO bonds for streets, parks, housing, arts and transportation.</p>
<p>--$43.8 million Arlington County, Va., county government g.o. bonds.</p>
<p>--$37 million Greensboro, N.C., general obligation bonds.</p>
<p>--$34 million Chesterfield Cty, Va., GO bonds for public safety.</p>
<p>--$30 million Cobb County, Ga., GO bonds for recreation.</p>
<p>--$29.1 million Arlington Cty, Va., g.o. school bonds.</p>
<p>--$25 million Greensboro, N.C., GO bonds for public safety.</p>
<p>--$23 million Harrison County, Miss., GO bonds for schools.</p>
<p>--$13.5 million Chapel Hill, N.C., GO bonds for parks, streets and sidewalks.</p>
<p>--$12 million Sante Fe, N.M., bond measure to fund public works projects.</p>
<p>--$11.5 million Wilmington, N.C., GO bonds for stormwater drainage, parks and roads.</p>
<p>--$10.3 million Chesterfield Cty, Va., GO bonds for libraries.</p>
<p>--$10 million Greensboro, N.C., GO bonds for housing.</p>
<p>--$9.9 million Washington County, Utah, GO bonds for a jail.</p>
<p>--$9.3 million Chesterfield Cty, Va., GO bonds for parks.</p>
<p>--$6.4 million west Jasper Cty, Miss., GO bond for schools.</p>
<p>--$6 million Apex, N.C., general obligation bonds.</p>
<p>--$1.5 million Albany, N.Y., issue.</p>
<p>--Ohio to vote on constitutional amendment allowing casino gambling.</p>
<p>--Gwinnett County, Ga., votes on a one-cent sales tax increase to finance park, libaray and public safety projects.</p>
<p>--Louisiana parishes vote whether to keep gambling legal.</p>
<p>--Florida referendum on proposal requiring two-thirds voter approval for statewide tax increases.</p>
<p>--South Carolina referendum on amendment allowing state pension money to be invested in equities.</p>
<p>--Knoxville and Knox County, Tenn., vote on proposal to consolidate government.</p>
<p>--North Carolina amendment to give governor veto powers.</p>
<p>--Georgia referendum on proposal allowing school systems to use sales tax money for construction.</p>
<p>--Georgia referendum on proposal to end intangibles tax.</p>
<p>--Prince George's County, Md., vote on proposal to repeal property tax cap.</p>
<p>--Escambia Cty, Fla., votes on property tax increase to fund land preservation.</p>
<p>--Lexington Cty, S.C., to decide whether county should have power to use general fund revenues and property taxes to operate water and sewer systems.</p>
<p>--California Proposition 210 - Minimum Wage Increase. Increases the current state minimum wage of $4.25 per hour to $5.00 per hour on March 1, 1997 and then to $5.75 per hour on March 1, 1998.</p>
<p>--California Proposition 217 - Top Income Tax Brackets. Continues highest tax rates of 10 percent and 11 percent on residents with taxable income over $100,000 and $200,000 respectively.</p>
<p>--California Proposition 218 - Voter Approval for Local Government Taxes. Limits authority of local governments to impose taxes and property-related assessments, fees and charges. Requires majority of voters approve increases in general taxes and reiterates that two-thirds must approve special taxes.</p>
<p>--Wayne County, Mich. - Voter approval for one percent hotel/motel tax, two percent car rental tax. Revenues from tax would pay off $80 million of bonds that would be sold to help finance a new $225 million domed stadium for the Detroit Lions football team in downtown Detroit.</p>
<p>--Nebraska - Proposed constitutional amendments to limit local property taxes and make quality education a fundamental right.</p>
<p>--New Jersey - Proposed constitutional amendment to dedicate four percent of corporate business taxes each year to environmental projects.</p>
<p>--Dorchester Cty, S.C., votes on local-option sales tax to offset property taxes.</p>
<p>--Berkeley Cty, S.C., votes on local-option sales tax to offset property taxes.</p>
<p>--U.S. Municipal Desk, 212-859-1650</p>
</text>
<copyright>(c) Reuters Limited 1996</copyright>
<metadata>
<codes class="bip:countries:1.0">
  <code code="USA">
    <editdetail attribution="Reuters BIP Coding Group" action="confirmed" date="1996-09-23"/>
  </code>
</codes>
<codes class="bip:topics:1.0">
  <code code="E21">
    <editdetail attribution="Reuters BIP Coding Group" action="confirmed" date="1996-09-23"/>
  </code>
  <code code="E212">
    <editdetail attribution="Reuters BIP Coding Group" action="confirmed" date="1996-09-23"/>
  </code>
  <code code="ECAT">
    <editdetail attribution="Reuters BIP Coding Group" action="confirmed" date="1996-09-23"/>
  </code>
</codes>
<dc element="dc.publisher" value="Reuters Holdings Plc"/>
<dc element="dc.date.published" value="1996-09-23"/>
<dc element="dc.source" value="Reuters"/>
<dc element="dc.creator.location.country.name" value="USA"/>
<dc element="dc.source" value="Reuters"/>
</metadata>
</newsitem>
