<?xml version="1.0" encoding="iso-8859-1" ?>
<newsitem itemid="57243" id="root" date="1996-09-16" xml:lang="en">
<title>SOUTH KOREA: S.Korean LPMO's frozen beef purchases detailed.</title>
<headline>S.Korean LPMO's frozen beef purchases detailed.</headline>
<dateline>SEOUL 1996-09-16</dateline>
<text>
<p>Details of Friday's purchase by South Korea's Livestock Products Marketing Organization (LPMO) of frozen beef were obtained by Reuters on Monday.</p>
<p>On Friday, the state LPMO bought 9,145 tonnes of beef -- 6,030 tonnes of Australian grassfed beef, 276 tonnes of New Zealand grassfed beef, 2,605 tonnes of U.S. chuck roll and 234 tonnes of Canadian chuck roll.</p>
<p>Shipments were set by October 15 for position one of 2,888 tonnes, by October 25 for position two of 3,110 tonnes, and by November 5 for position three of 3,147 tonnes.</p>
<p>Details on the purchase are as follows:  </p>
<p>Position ONE: 2,888 tonnes (price in U.S. dollars C&amp;f)</p>
<p>* Chuck Roll</p>
<p>TO SEOUL (TOTAL:557T)</p>
<p>Q'TY ORIGIN	PRICE</p>
<p> 144   U.S.	3,429</p>
<p>  54   U.S.	3,439</p>
<p>  54   U.S.	3,374</p>
<p>  18   U.S.	3,350</p>
<p> 180   U.S.	3,351</p>
<p> 107   U.S.	3,483</p>
<p>TO PUSAN (TOTAL:233T)  </p>
<p>  18   U.S.	3,588</p>
<p>  36   U.S.	3,445</p>
<p>  90   U.S.	3,550</p>
<p>  36   U.S.	3,340</p>
<p>  18   U.S.	3,457</p>
<p>  17   U.S.	3,610</p>
<p>  18   U.S.	3,560</p>
<p>TO TAEGU (TOTAL:90T)</p>
<p>  36   U.S.	3,550</p>
<p>  18   U.S.	3,649</p>
<p>  36   U.S.	3,630</p>
<p>TO NAJU (TOTAL:54T)</p>
<p>  18   Canada    3,506</p>
<p>  18   U.S.	3,515</p>
<p>  18   U.S.	3,400</p>
<p>* Fullsets</p>
<p>TO SEOUL (TOTAL:72T)</p>
<p>Q'TY   ORIGIN	PRICE</p>
<p>  36   Australia   2,720</p>
<p>  36   Australia   2,959</p>
<p>TO PUSAN (TOTAL:72T)</p>
<p>  36   Australia   2,839</p>
<p>  36   Australia   2,710</p>
<p>* Bone-in Beef</p>
<p>TO SEOUL (TOTAL:710T)</p>
<p>Q'TY   ORIGIN	PRICE</p>
<p> 210   Australia   1,887</p>
<p> 210   Australia   1,851</p>
<p> 210   Australia   1,788</p>
<p>  80   Australia   1,895</p>
<p>TO PUSAN (TOTAL:600T)</p>
<p> 210   NZ	    1,875</p>
<p> 200   Australia   1,756</p>
<p> 190   Australia   1,882</p>
<p>TO TAEGU (TOTAL:200T)</p>
<p> 200   Australia   1,905</p>
<p>TO NAJU (TOTAL:300T)</p>
<p> 200   Australia   1,907</p>
<p> 100   Australia   1,921</p>
<p>Position TWO: 3,110 tonnes (price in U.S. dollars on C&amp;f)</p>
<p>* Chuck Roll</p>
<p>TO SEOUL (TOTAL:539T)</p>
<p>Q'TY   ORIGIN    PRICE</p>
<p>  36   U.S	 3,595</p>
<p>  36   U.S.	3,483</p>
<p>  54   U.S.	3,462</p>
<p>  36   U.S.	3,300</p>
<p>  35   U.S.	3,570</p>
<p>  18   Canada    3,499</p>
<p> 270   U.S.	3,396</p>
<p>  54   Canada    3,569</p>
<p>TO PUSAN (TOTAL:215T)</p>
<p>  36   U.S.	3,386</p>
<p>  17   U.S.	3,601</p>
<p>  18   U.S.	3,535</p>
<p>  18   U.S.	3,483</p>
<p>  18   U.S.	3,357</p>
<p>  18   U.S.	3,370</p>
<p>  72   U.S.	3,396</p>
<p>  18   U.S.	3,517</p>
<p>TO TAEGU (TOTAL:108T)</p>
<p>  36   U.S.	3,430</p>
<p>  18   U.S.	3,592</p>
<p>  18   U.S.	3,615</p>
<p>  36   U.S.	3,396</p>
<p>TO NAJU (TOTAL:72T)</p>
<p>  18   Canada    3,506</p>
<p>  18   U.S.	3,520</p>
<p>  18   U.S.	3,493</p>
<p>  18   U.S.	3,450</p>
<p>* Fullsets</p>
<p>TO SEOUL (TOTAL:468T)</p>
<p>Q'TY   ORIGIN	PRICE</p>
<p>  72   Australia   3,049</p>
<p>  36   Australia   2,959</p>
<p>  72   Australia   3,054</p>
<p>  36   Australia   3,114</p>
<p>  36   Australia   2,850</p>
<p>  72   Australia   3,066</p>
<p> 108   Australia   3,028</p>
<p>  36   Australia   3,115</p>
<p>TO PUSAN (TOTAL:108T)</p>
<p>  36   Australia   2,844</p>
<p>  36   Australia   2,820</p>
<p>  36   Australia   2,833</p>
<p>* Bone-in Beef</p>
<p>TO SEOUL (TOTAL:700T)</p>
<p>Q'TY   ORIGIN	PRICE</p>
<p> 210   Australia   1,827</p>
<p> 200   Australia   1,772</p>
<p>  80   Australia   1,892</p>
<p> 210   Australia   1,891</p>
<p>TO PUSAN (TOTAL:500T)</p>
<p>  30   NZ	    1,895</p>
<p> 260   Australia   1,865</p>
<p> 210   Australia   1,861</p>
<p>TO NAJU (TOTAL:400T)</p>
<p> 200   Australia   1,754</p>
<p> 200   Australia   1,839</p>
<p>Position THREE: 3,147 tonnes (price in U.S. dollars on C&amp;f)</p>
<p>* Chuck Roll</p>
<p>TO SEOUL (TOTAL:539T)</p>
<p>Q'TY   ORIGIN    PRICE</p>
<p> 180   U.S.	3,541</p>
<p>  53   U.S.	3,601</p>
<p>  36   Canada    3,590</p>
<p>  36   U.S.	3,550</p>
<p>  36   U.S.	3,439</p>
<p>  54   U.S.	3,484</p>
<p>  36   U.S.	3,370</p>
<p>  36   U.S.	3,570</p>
<p>  72   Canada    3,549</p>
<p>TO PUSAN (TOTAL:216T)</p>
<p>  36   U.S.	3,579</p>
<p>  18   U.S.	3,450</p>
<p>  54   U.S.	3,572</p>
<p>  18   U.S.	3,483</p>
<p>  36   U.S.	3,401</p>
<p>  18   U.S.	3,400</p>
<p>  18   U.S.	3,517</p>
<p>  18   U.S.	3,560</p>
<p>TO TAEGU (TOTAL:126T)</p>
<p>  72   U.S.	3,429</p>
<p>  18   U.S.	3,550</p>
<p>  18   U.S.	3,520</p>
<p>  18   U.S.	3,548</p>
<p>TO NAJU (TOTAL:90T)</p>
<p>  18   Canada    3,506</p>
<p>  18   U.S.	3,634</p>
<p>  36   U.S.	3,562</p>
<p>  18   U.S.	3,450</p>
<p>* Fullsets  </p>
<p>TO SEOUL (TOTAL:468T)</p>
<p>Q'TY   ORIGIN	PRICE</p>
<p>  36   Australia   2,959</p>
<p>  36   Australia   3,048</p>
<p>  72   Australia   3,058</p>
<p>  36   Australia   2,800</p>
<p>  72   Australia   3,060</p>
<p> 144   Australia   3,035</p>
<p>  36   Australia   3,050</p>
<p>  36   NZ	    2,948</p>
<p>TO PUSAN (TOTAL:108T)</p>
<p>  36   Australia   2,849</p>
<p>  36   Australia   2,750</p>
<p>  36   Australia   2,774</p>
<p>* Bone-in Beef</p>
<p>TO SEOUL (TOTAL:600T)</p>
<p>Q'TY   ORIGIN	PRICE</p>
<p> 190   Australia   1,873</p>
<p> 200   Australia   1,736</p>
<p> 210   Australia   1,871</p>
<p>TO PUSAN (TOTAL:500T)</p>
<p> 200   Australia   1,692</p>
<p>  90   Australia   1,855</p>
<p> 210   Australia   1,829</p>
<p>TO TAEGU (TOTAL:200T)</p>
<p> 200   Australia   1,895</p>
<p>TO NAJU (TOTAL:300T)</p>
<p> 200   Australia   1,921</p>
<p> 100   Australia   1,925</p>
<p>-- Seoul Newsroom (822) 727 5651</p>
</text>
<copyright>(c) Reuters Limited 1996</copyright>
<metadata>
<codes class="bip:countries:1.0">
  <code code="SKOREA">
    <editdetail attribution="Reuters BIP Coding Group" action="confirmed" date="1996-09-16"/>
  </code>
</codes>
<codes class="bip:topics:1.0">
  <code code="M14">
    <editdetail attribution="Reuters BIP Coding Group" action="confirmed" date="1996-09-16"/>
  </code>
  <code code="M141">
    <editdetail attribution="Reuters BIP Coding Group" action="confirmed" date="1996-09-16"/>
  </code>
  <code code="MCAT">
    <editdetail attribution="Reuters BIP Coding Group" action="confirmed" date="1996-09-16"/>
  </code>
</codes>
<dc element="dc.date.created" value="1996-09-16"/>
<dc element="dc.publisher" value="Reuters Holdings Plc"/>
<dc element="dc.date.published" value="1996-09-16"/>
<dc element="dc.source" value="Reuters"/>
<dc element="dc.creator.location" value="SEOUL"/>
<dc element="dc.creator.location.country.name" value="SOUTH KOREA"/>
<dc element="dc.source" value="Reuters"/>
</metadata>
</newsitem>
