<?xml version="1.0" encoding="iso-8859-1" ?>
<newsitem itemid="28529" id="root" date="1996-09-03" xml:lang="en">
<title>EU: REUTER EC REPORT LONG-TERM DIARY PART 12/14.</title>
<headline>REUTER EC REPORT LONG-TERM DIARY PART 12/14.</headline>
<text>
<p>SUNDAY, DECEMBER 15</p>
<p>STRASBOURG - Council of Europe holds symposium on &quot;Medically-assisted procreation and the protection of the human embryo&quot; (To December 18).</p>
<p>MONDAY, DECEMBER 16</p>
<p>BRUSSELS - Farm Council (To December 17).</p>
<p>TUESDAY, DECEMBER 17</p>
<p>BRUSSELS - Economic and Social Committee (ECOSOC) holds plenary session (To December 19).</p>
<p>THURSDAY, DECEMBER 19</p>
<p>BRUSSELS - Fisheries Council (To December 20).</p>
<p>Provisional agenda includes:</p>
<p>- Proposal for a Council regulation fixing, for certain fish stocks and groups of fish stocks, the total allowable catches for 1997 and certain conditions under which they may be fished.</p>
<p>- (possibly) Proposal for a Council regulation amending Council regulation (EC) No. 3074/95 fixing, for certain fish stocks and groups of fish stocks, the total allowable catches for 1996 and certain conditions under which they may be fished.</p>
<p>- (Possibly) Proposal for a Council regulation laying down certain rules for the access to Community waters of research vessels for scientific purposes.</p>
<p>- (Possibly) Commission proposal on the financing of collection of scientific data.</p>
<p>- (Possibly) Proposal for a Council regulation (EC) amending regulation (EEC) No. 2847/93 establishing a control system applicable to the common fisheries policy (establishment of a Community catch-reporting data-base).</p>
<p>- (Possibly) Proposal for a Council decision on MAGP IV.</p>
<p>- Proposals for Council regulations</p>
<p>a) laying down, for 1997, certain measures for the conservation and management of fishery resources applicable to vessels flying the flag of Norway;</p>
<p>b) allocating, for 1997, certain catch quotas between member states for vessels fishing in the Norwegian exclusive zone and the fishing zone around Jan Mayen.</p>
<p>- Proposals for Council regulations:</p>
<p>a) laying down, for 1997, certain measures for the conservation and management of fishery resources applicable to vessels flying the flag of the Faroes;</p>
<p>b) allocating, for 1997, certain catch quotas between member states for vessels fishing in Faroese waters.</p>
<p>- Proposal for a Council regulation allocating, for 1997, Community catch quotas in Greenland waters.</p>
<p>- Proposal for Council regulation allocating, for 1997, certain catch quotas between member states for vessels fishing in Icelandic waters.</p>
<p>- Proposals for Council regulations:</p>
<p>a) laying down, for 1997, certain measures for the conservation and management of fishery resources applicable to vessels flying the flag of Estonia;</p>
<p>b) allocating, for 1997, catch quotas between member states for vessels fishing in Estonian waters.</p>
<p>- Proposals for Council regulations:</p>
<p>a) laying down, for 1997, certain measures for the conservation and management of fishery resources applicable to vessels flying the flag of Latvia;</p>
<p>b) allocating, for 1997, catch quotas between member states for vessels fishing in Latvian waters.</p>
<p>- Proposals for Council regulations</p>
<p>a) laying down, for 1997, certain measures for the conservation and management of fishery resources applicable to vessels flying the flag of Lithuania;</p>
<p>b) allocating, for 1997, catch quotas between member states for vessels fishing in Lithuanian waters.</p>
<p>- a) laying down, for 1997, certain measures for the conservation and management of fishery resources applicable to vessels flying the flag of Poland;</p>
<p>b) allocating, for 1997, catch quotas between member states for vessels fishing in Polish waters.</p>
<p>- a) laying down, for 1997, certain measures for the conservation and management of fishery resources applicable to vessels flying the flag of the Russian Federation;</p>
<p>b) allocating, for 1997, catch quotas between member states for vessels fishing in Russian waters.</p>
<p>- Proposal for Council regulation laying down, for 1997, certain conservation and management measures for fishery resources in the regulatory area as defined in the Convention on future multilateral cooperation in the North West Atlantic Fisheries.</p>
<p>- Proposal for a Council regulation laying down, for 1997, certain measures for the conservation and management of fishery resources applicable to vessels flying the flag of certain non-member countries in the 200-nautical-mile zone off the coast of the French Department of Guiana.</p>
<p>- (Possibly) NAFO: New STACFAC regulations.</p>
<p>- Proposals for Council decisions:</p>
<p>a) Authorising the Kingdom of Spain to extend the agreement on mutual fishery relations with the Republic of South Africa;</p>
<p>b) Authorizing the Portuguese Republic to extend the agreement on mutual fishery relations with the Republic of South Africa.</p>
<p>LUXEMBOURG - Executive committee of Schengen group on free movement of people meets at ministerial level under Luxembourg presidency. Venue: Kirchberg conference centre. Luxembourg is hoping to achieve admittance of Nordic countries to Schengen accord during its presidency of the group, with signature of accession protocols for Denmark, Finland and Sweden and association protocols for Iceland and Norway at the meeting.</p>
<p>TUESDAY, DECEMBER 23</p>
<p>BRUSSELS - EU institutions closed for Christmas holidays until January 2.</p>
<p>TUESDAY, DECEMBER 31</p>
<p>- Irish EU presidency ends. The Netherlands takes over to June 30, 1997. END OF DOCUMENT.</p>
</text>
<copyright>(c) Reuters Limited 1996</copyright>
<metadata>
<codes class="bip:countries:1.0">
  <code code="EEC">
    <editdetail attribution="Reuters BIP Coding Group" action="confirmed" date="1996-09-03"/>
  </code>
</codes>
<codes class="bip:topics:1.0">
  <code code="G15">
    <editdetail attribution="Reuters BIP Coding Group" action="confirmed" date="1996-09-03"/>
  </code>
  <code code="GCAT">
    <editdetail attribution="Reuters BIP Coding Group" action="confirmed" date="1996-09-03"/>
  </code>
</codes>
<dc element="dc.publisher" value="Reuters Holdings Plc"/>
<dc element="dc.date.published" value="1996-09-03"/>
<dc element="dc.source" value="Reuters"/>
<dc element="dc.creator.location.country.name" value="EU"/>
<dc element="dc.source" value="Reuters"/>
</metadata>
</newsitem>
