<?xml version="1.0" encoding="iso-8859-1" ?>
<newsitem itemid="74200" id="root" date="1996-09-24" xml:lang="en">
<title>CHINA: China typhoon death toll climbs to 38, 96 missing.</title>
<headline>China typhoon death toll climbs to 38, 96 missing.</headline>
<dateline>BEIJING 1996-09-24</dateline>
<text>
<p>The death toll from Typhoon Willie, which slammed into China's southern island of Hainan last week, has climbed to 38 and nearly 100 people were still missing, the official China Daily said on Tuesday.</p>
<p>The typhoon smashed homes, washed away fishing boats and dumped up to 40 cm (16 inches) of rain on areas of the tropical island province in the South China Sea, the newspaper said.</p>
<p>At least 38 people were confirmed killed, scores injured and 96 still missing on Monday, it said.</p>
<p>Most of the dead were from Hainan's Changjiang Li county, where raging floods broke through local breakwaters, it said.</p>
<p>Hundreds of homes were destroyed across the island, tens of thousands of hectares of farmland swamped and thousands of people stranded, the paper said.</p>
<p>The total value of the damage and property losses caused by the typhoon was not yet available, but was expected to be very high, the newspaper said.</p>
</text>
<copyright>(c) Reuters Limited 1996</copyright>
<metadata>
<codes class="bip:countries:1.0">
  <code code="CHINA">
    <editdetail attribution="Reuters BIP Coding Group" action="confirmed" date="1996-09-24"/>
  </code>
</codes>
<codes class="bip:topics:1.0">
  <code code="GCAT">
    <editdetail attribution="Reuters BIP Coding Group" action="confirmed" date="1996-09-24"/>
  </code>
  <code code="GDIS">
    <editdetail attribution="Reuters BIP Coding Group" action="confirmed" date="1996-09-24"/>
  </code>
  <code code="GENV">
    <editdetail attribution="Reuters BIP Coding Group" action="confirmed" date="1996-09-24"/>
  </code>
</codes>
<dc element="dc.date.created" value="1996-09-24"/>
<dc element="dc.publisher" value="Reuters Holdings Plc"/>
<dc element="dc.date.published" value="1996-09-24"/>
<dc element="dc.source" value="Reuters"/>
<dc element="dc.creator.location" value="BEIJING"/>
<dc element="dc.creator.location.country.name" value="CHINA"/>
<dc element="dc.source" value="Reuters"/>
</metadata>
</newsitem>
