<?xml version="1.0" encoding="iso-8859-1" ?>
<newsitem itemid="16170" id="root" date="1996-08-27" xml:lang="en">
<title>UK: Devil imagery in soft drink ad too scary for kids.</title>
<headline>Devil imagery in soft drink ad too scary for kids.</headline>
<dateline>LONDON 1996-08-28</dateline>
<text>
<p>A soft drink advertisement showing a boy with horns and glowing eyes has been restricted to late night television after viewers complained it was too disturbing for children, the industry watchdog said on Wednesday.</p>
<p>Britain's Independent Television Commission (ITC), which licenses and regulates Britain's commercial TV, said it had restricted the television advert for the fizzy drink Irn Bru, after it received 57 complaints.</p>
<p>The ITC's move underscores growing public concern about the use of demonic images in advertising.</p>
<p>A controversial campaign by the ruling Conservative Party -- featuring opposition Labour Party leader Tony Blair with red, satanic eyes -- is being investigated by the Advertising Standards Authority, which regulates press and poster ads.</p>
<p>The Irn Bru soft drink advert was originally banned from children's programmes by the Broadcast Advertising Clearance Centre (BACC), the body which vets advertising for the ITC.</p>
<p>But it was aired before the broadcasting &quot;watershed&quot; time of 9.00 pm because of a technical error, the ITC said.</p>
</text>
<copyright>(c) Reuters Limited 1996</copyright>
<metadata>
<codes class="bip:countries:1.0">
  <code code="UK">
    <editdetail attribution="Reuters BIP Coding Group" action="confirmed" date="1996-08-27"/>
  </code>
</codes>
<codes class="bip:industries:1.0">
  <code code="I42800">
    <editdetail attribution="Reuters BIP Coding Group" action="confirmed" date="1996-08-27"/>
  </code>
  <code code="I83800">
    <editdetail attribution="Reuters BIP Coding Group" action="confirmed" date="1996-08-27"/>
  </code>
</codes>
<codes class="bip:topics:1.0">
  <code code="C13">
    <editdetail attribution="Reuters BIP Coding Group" action="confirmed" date="1996-08-27"/>
  </code>
  <code code="C32">
    <editdetail attribution="Reuters BIP Coding Group" action="confirmed" date="1996-08-27"/>
  </code>
  <code code="CCAT">
    <editdetail attribution="Reuters BIP Coding Group" action="confirmed" date="1996-08-27"/>
  </code>
</codes>
<dc element="dc.date.created" value="1996-08-28"/>
<dc element="dc.publisher" value="Reuters Holdings Plc"/>
<dc element="dc.date.published" value="1996-08-27"/>
<dc element="dc.source" value="Reuters"/>
<dc element="dc.creator.location" value="LONDON"/>
<dc element="dc.creator.location.country.name" value="UK"/>
<dc element="dc.source" value="Reuters"/>
</metadata>
</newsitem>
