<?xml version="1.0" encoding="iso-8859-1" ?>
<newsitem itemid="31515" id="root" date="1996-09-04" xml:lang="en">
<title>CANADA: CRTC awards 21 Canada TV licenses.</title>
<headline>CRTC awards 21 Canada TV licenses.</headline>
<dateline>OTTAWA 1996-09-04</dateline>
<text>
<p>The Canadian Radio-television and Telecommunications Commission said on Wednesday it awarded seven licenses for early launch of national specialty television services and 14 for later launch. It also awarded licenses for two regional services.</p>
<p>Among the winners for launch by September 1997 were two news channels. One, in English, will be owned by CTV Television Network Ltd, in which Baton Broadcasting Inc has a 42.9 percent voting stake. The second, in French, will be owned by Tele-Metropole Inc.</p>
<p>Firms controlled by CHUM Ltd won five licenses.  </p>
<p>A new venture, Report on Business television, won a license to present business news by September 1999. ROBTv is 50 percent owned by a company controlled by Kenneth Thomson -- owner of Thomson Canada Ltd, whose flagship newspaper is the Globe and Mail. ROBTv is 26-percent owned by WIC Western International Communications Ltd and 24 percent by Canadian Satellite Communications Inc.</p>
<p>The CRTC denied a license to a rival business news venture that would have been run by CHUM and the Toronto Sun Publishing Corp -controlled Financial Post.  </p>
<p>Four of the services that will use current technology and be available by next September will be in English and three will be in French. The other 16 -- including the two regional services -- will be in operation by September 1999 and will most likely use digital technology -- not yet available in Canada.</p>
<p>A Southam Inc news venture with the state-owned Canadian Broadcasting Corp failed to win a license.  </p>
<p>Shaw Communications Inc's YTV Canada Inc, which has the most successful specialty channel in Canada, won the rights to launch a second children's channel, called TreeHouse TV, by September 1999.</p>
<p>The CRTC also granted licenses to three sports ventures for operation by September 1999.</p>
<p>The first, to provide regional sports coverage, is 40-percent owned by CTV, 20 percent by the Molson Cos Ltd, 20 percent by Rogers Broadcasting Ltd and 20 percent by LMC International Inc.</p>
<p>The second channel, a pay-per-view service, is 60-percent owned by CTV and 20 percent each by Molson and LMC.</p>
<p>The third sports channel is controlled by the Clairvest Group Inc.</p>
<p>-- Reuters Toronto Bureau  (416) 941-8100</p>
</text>
<copyright>(c) Reuters Limited 1996</copyright>
<metadata>
<codes class="bip:countries:1.0">
  <code code="CANA">
    <editdetail attribution="Reuters BIP Coding Group" action="confirmed" date="1996-09-04"/>
  </code>
</codes>
<codes class="bip:industries:1.0">
  <code code="I47500">
    <editdetail attribution="Reuters BIP Coding Group" action="confirmed" date="1996-09-04"/>
  </code>
  <code code="I47510">
    <editdetail attribution="Reuters BIP Coding Group" action="confirmed" date="1996-09-04"/>
  </code>
  <code code="I83100">
    <editdetail attribution="Reuters BIP Coding Group" action="confirmed" date="1996-09-04"/>
  </code>
  <code code="I83960">
    <editdetail attribution="Reuters BIP Coding Group" action="confirmed" date="1996-09-04"/>
  </code>
  <code code="I97400">
    <editdetail attribution="Reuters BIP Coding Group" action="confirmed" date="1996-09-04"/>
  </code>
  <code code="I9741102">
    <editdetail attribution="Reuters BIP Coding Group" action="confirmed" date="1996-09-04"/>
  </code>
</codes>
<codes class="bip:topics:1.0">
  <code code="C13">
    <editdetail attribution="Reuters BIP Coding Group" action="confirmed" date="1996-09-04"/>
  </code>
  <code code="C33">
    <editdetail attribution="Reuters BIP Coding Group" action="confirmed" date="1996-09-04"/>
  </code>
  <code code="CCAT">
    <editdetail attribution="Reuters BIP Coding Group" action="confirmed" date="1996-09-04"/>
  </code>
</codes>
<dc element="dc.date.created" value="1996-09-04"/>
<dc element="dc.publisher" value="Reuters Holdings Plc"/>
<dc element="dc.date.published" value="1996-09-04"/>
<dc element="dc.source" value="Reuters"/>
<dc element="dc.creator.location" value="OTTAWA"/>
<dc element="dc.creator.location.country.name" value="CANADA"/>
<dc element="dc.source" value="Reuters"/>
</metadata>
</newsitem>
