<?xml version="1.0" encoding="iso-8859-1" ?>
<newsitem itemid="76353" id="root" date="1996-09-25" xml:lang="en">
<title>UK: British 1996 sugar beet tests detailed.</title>
<headline>British 1996 sugar beet tests detailed.</headline>
<dateline>LONDON 1996-09-25</dateline>
<text>
<p>Following is a table listing the complete series of U.K. sugar beet tests, as conducted and reported by British Sugar plc.</p>
<p>EIGHTH AND FINAL TEST</p>
<p>(Sept 23)	    8th test 96   8th test 95   5-year avg</p>
<p>Sugar grams/root	 112.7	    90.5	   109.2</p>
<p>Sugar pct		  17.84	   15.80	   17.22</p>
<p> Root weight/grams	  632	     573	     634</p>
<p>SEVENTH TEST</p>
<p>(Sept 16)	    7th test 96   7th test 95   5-year avg</p>
<p> Sugar grams/root	 104.8	    88.8	   105.9</p>
<p> Sugar pct		  17.23	   15.86	   17.27</p>
<p> Root weight/grams	  608	     560	     613</p>
<p>SIXTH TEST</p>
<p>  (Sept 9)	     6th test 96   6th test 95   5-year avg</p>
<p> Sugar grams/root	  95.2	    86.5	   100.8</p>
<p> Sugar pct		  16.11	   16.92	   17.37</p>
<p> Root weight/gram s	 591	     511	     580</p>
<p>FIFTH TEST</p>
<p>(Sept 2)	     5th test 96   5th test 95   5-year avg</p>
<p> Sugar grams/root	  84.9	    84.7	    94.8</p>
<p> Sugar pct		  15.44	   18.84	   17.51</p>
<p> Root weight/grams	  550	     450	     542</p>
<p>FOURTH TEST</p>
<p>  (Aug 27)	     4th test 96   4th test 95   5-year avg</p>
<p> Sugar grams/root	  77.1	    80.7	    86.8</p>
<p> Sugar pct		  15.48	   18.54	   16.82</p>
<p> Root weight/grams	  498	     435	     516</p>
<p>THIRD TEST</p>
<p>  (Aug 19)	     3rd test 96   3rd test 95   5-year avg</p>
<p> Sugar grams/root	  68.3	    74.5	    77.3</p>
<p> Sugar pct		  16.04	   19.39	   16.45</p>
<p> Root weight/grams	  426	     384	     470</p>
<p>SECOND TEST</p>
<p>  (Aug 12)	     2nd test 96   2nd test 95   5-year avg</p>
<p> Sugar grams/root	  58.6	    63.6	    66.4</p>
<p> Sugar pct		  15.23	   18.06	   15.48</p>
<p> Root weight/grams	  385	     352	     429</p>
<p>FIRST TEST</p>
<p>(Aug 5)		1st test 96   1st test 95   5-year avg</p>
<p>Sugar grams/root	  50.3	    58.8	    57.7</p>
<p> Sugar pct		  15.50	   17.74	   15.48</p>
<p> Root weight/grams	  325	     331	     385</p>
<p>-- London Newsroom +44 171 542 8064</p>
</text>
<copyright>(c) Reuters Limited 1996</copyright>
<metadata>
<codes class="bip:countries:1.0">
  <code code="UK">
    <editdetail attribution="Reuters BIP Coding Group" action="confirmed" date="1996-09-25"/>
  </code>
</codes>
<codes class="bip:industries:1.0">
  <code code="I01001">
    <editdetail attribution="Reuters BIP Coding Group" action="confirmed" date="1996-09-25"/>
  </code>
  <code code="I0100128">
    <editdetail attribution="Reuters BIP Coding Group" action="confirmed" date="1996-09-25"/>
  </code>
</codes>
<codes class="bip:topics:1.0">
  <code code="C21">
    <editdetail attribution="Reuters BIP Coding Group" action="confirmed" date="1996-09-25"/>
  </code>
  <code code="C24">
    <editdetail attribution="Reuters BIP Coding Group" action="confirmed" date="1996-09-25"/>
  </code>
  <code code="CCAT">
    <editdetail attribution="Reuters BIP Coding Group" action="confirmed" date="1996-09-25"/>
  </code>
  <code code="M14">
    <editdetail attribution="Reuters BIP Coding Group" action="confirmed" date="1996-09-25"/>
  </code>
  <code code="M141">
    <editdetail attribution="Reuters BIP Coding Group" action="confirmed" date="1996-09-25"/>
  </code>
  <code code="MCAT">
    <editdetail attribution="Reuters BIP Coding Group" action="confirmed" date="1996-09-25"/>
  </code>
</codes>
<dc element="dc.date.created" value="1996-09-25"/>
<dc element="dc.publisher" value="Reuters Holdings Plc"/>
<dc element="dc.date.published" value="1996-09-25"/>
<dc element="dc.source" value="Reuters"/>
<dc element="dc.creator.location" value="LONDON"/>
<dc element="dc.creator.location.country.name" value="UK"/>
<dc element="dc.source" value="Reuters"/>
</metadata>
</newsitem>
