<?xml version="1.0" encoding="iso-8859-1" ?>
<newsitem itemid="17736" id="root" date="1996-08-27" xml:lang="en">
<title>AUSTRALIA: RTRS-Australian Tourism yr net A$15.87 mln.</title>
<headline>RTRS-Australian Tourism yr net A$15.87 mln.</headline>
<dateline>SYDNEY 1996-08-27</dateline>
<text>
<p>Year to June 30</p>
<p>		 (million A$ unless stated)</p>
<p>    Operating profit		    12.51 vs  9.68</p>
<p>    Net				     15.87 vs 16.30</p>
<p>    Abnormal gain			  3.36 vs gain 6.62</p>
<p>    Final dividend (cents)	     4.00 vs 4.00</p>
<p>    Total dividend (cents)	     7.50 vs 4.40</p>
<p>NOTE: Australian Tourism Group is an investor in mid-market tourist accomodation.</p>
<p>-- Sydney Newsroom 61-2 9373 1800</p>
</text>
<copyright>(c) Reuters Limited 1996</copyright>
<metadata>
<codes class="bip:countries:1.0">
  <code code="AUSTR">
    <editdetail attribution="Reuters BIP Coding Group" action="confirmed" date="1996-08-27"/>
  </code>
</codes>
<codes class="bip:industries:1.0">
  <code code="I66500">
    <editdetail attribution="Reuters BIP Coding Group" action="confirmed" date="1996-08-27"/>
  </code>
</codes>
<codes class="bip:topics:1.0">
  <code code="C15">
    <editdetail attribution="Reuters BIP Coding Group" action="confirmed" date="1996-08-27"/>
  </code>
  <code code="C151">
    <editdetail attribution="Reuters BIP Coding Group" action="confirmed" date="1996-08-27"/>
  </code>
  <code code="C1511">
    <editdetail attribution="Reuters BIP Coding Group" action="confirmed" date="1996-08-27"/>
  </code>
  <code code="CCAT">
    <editdetail attribution="Reuters BIP Coding Group" action="confirmed" date="1996-08-27"/>
  </code>
</codes>
<dc element="dc.date.created" value="1996-08-27"/>
<dc element="dc.publisher" value="Reuters Holdings Plc"/>
<dc element="dc.date.published" value="1996-08-27"/>
<dc element="dc.source" value="Reuters"/>
<dc element="dc.creator.location" value="SYDNEY"/>
<dc element="dc.creator.location.country.name" value="AUSTRALIA"/>
<dc element="dc.source" value="Reuters"/>
</metadata>
</newsitem>
