<?xml version="1.0" encoding="iso-8859-1" ?>
<newsitem itemid="23437" id="root" date="1996-08-29" xml:lang="en">
<title>REPUBLIC OF IRELAND: PRESS DIGEST - Ireland - August 29.</title>
<headline>PRESS DIGEST - Ireland - August 29.</headline>
<dateline>DUBLIN 1996-08-29</dateline>
<text>
<p>Following are the highlights of stories reported in the Irish press on Thursday.</p>
<p>IRISH INDEPENDENT -</p>
<p>- Billy Wright, the 36-year-old loyalist known as &quot;King Rat', has been given 72 hours to leave Northern Ireland or be killed by Protestant guerrillas.</p>
<p>- A total revamp of a major Irish state agency for third-level colleges, the National Council for Educational Awards (NCEA), is recommended in a confidential report by a team of consultants.</p>
<p>- Criminals should only be sent to prison as a last resort, the Law Reform Commission in Ireland recommended on Wednesday.</p>
<p>- Fidelity Investments, the world's largest independent fund manager which indirectly prompted the Department of Enterprise and Employment to investigate Taylor Assets Managers, on Wednesday indicated that it would consider the possibility of compensating investors hit by the collapse of the company.</p>
<p>- As much as 70 percent of job losses among permanent full-time staff come from firms contracting and reducing employment as opposed to company closures, according to a study by Irish state body Forfas.</p>
<p>- The new European single currency, the Euro, should be a common currency for the whole of Ireland, if the UK decides not to join the system, former commerce and trade minister Seamus Brennan suggested on Wednesday.</p>
<p>.</p>
<p>IRISH TIMES</p>
<p>- A Dublin solicitor, Conor Killeen, who admitted helping his partner to defraud the Irish Press newspaper group of over 60,000 Irish pounds, has won a reprieve after serving six weeks of his 12-month sentence.</p>
<p>- Leading loyalist Billy Wright has said he will defy a threat from Protestant guerrillas that he will be killed if he does not leave Northern Ireland within 72 hours.</p>
<p>- Mandatory life sentences for murder and treason and minimum sentences for indictable offences should be eliminated, according to the Law Reform Commission in Ireland.</p>
<p>	  -- Dublin Newsroom + 353-1-6603377</p>
</text>
<copyright>(c) Reuters Limited 1996</copyright>
<metadata>
<codes class="bip:countries:1.0">
  <code code="IRE">
    <editdetail attribution="Reuters BIP Coding Group" action="confirmed" date="1996-08-29"/>
  </code>
</codes>
<codes class="bip:topics:1.0">
  <code code="GCAT">
    <editdetail attribution="Reuters BIP Coding Group" action="confirmed" date="1996-08-29"/>
  </code>
</codes>
<dc element="dc.date.created" value="1996-08-29"/>
<dc element="dc.publisher" value="Reuters Holdings Plc"/>
<dc element="dc.date.published" value="1996-08-29"/>
<dc element="dc.source" value="Reuters"/>
<dc element="dc.creator.location" value="DUBLIN"/>
<dc element="dc.creator.location.country.name" value="REPUBLIC OF IRELAND"/>
<dc element="dc.source" value="Reuters"/>
</metadata>
</newsitem>
