<?xml version="1.0" encoding="iso-8859-1" ?>
<newsitem itemid="28185" id="root" date="1996-09-02" xml:lang="en">
<title>CHINA: China aims to spur travel to restive Tibet.</title>
<headline>China aims to spur travel to restive Tibet.</headline>
<dateline>BEIJING 1996-09-02</dateline>
<text>
<p>China will develop Tibet's tourism industry in a bid to attract 60,000 foreign tourists to the restive Himalayan region in 2000, the China News Service said on Monday.</p>
<p>Authorities aimed to earn $30 million in foreign exchange from tourism in 2000, the agency quoted Zhou Lizong, head of the Tibet Tourism Bureau, as saying.</p>
<p>The impoverished region would improve its roads, build holiday resorts, develop mountain climbing, hold car rallies and other activities to attract more vistitors, Zhou said.</p>
<p>Foreign travellers say they are often denied permission to visit Tibet, which is frequently rocked by protests against Chinese rule and crackdowns by Beijing on monasteries and temples.</p>
</text>
<copyright>(c) Reuters Limited 1996</copyright>
<metadata>
<codes class="bip:countries:1.0">
  <code code="CHINA">
    <editdetail attribution="Reuters BIP Coding Group" action="confirmed" date="1996-09-02"/>
  </code>
</codes>
<codes class="bip:topics:1.0">
  <code code="E51">
    <editdetail attribution="Reuters BIP Coding Group" action="confirmed" date="1996-09-02"/>
  </code>
  <code code="E511">
    <editdetail attribution="Reuters BIP Coding Group" action="confirmed" date="1996-09-02"/>
  </code>
  <code code="ECAT">
    <editdetail attribution="Reuters BIP Coding Group" action="confirmed" date="1996-09-02"/>
  </code>
  <code code="GCAT">
    <editdetail attribution="Reuters BIP Coding Group" action="confirmed" date="1996-09-02"/>
  </code>
  <code code="GTOUR">
    <editdetail attribution="Reuters BIP Coding Group" action="confirmed" date="1996-09-02"/>
  </code>
</codes>
<dc element="dc.date.created" value="1996-09-02"/>
<dc element="dc.publisher" value="Reuters Holdings Plc"/>
<dc element="dc.date.published" value="1996-09-02"/>
<dc element="dc.source" value="Reuters"/>
<dc element="dc.creator.location" value="BEIJING"/>
<dc element="dc.creator.location.country.name" value="CHINA"/>
<dc element="dc.source" value="Reuters"/>
</metadata>
</newsitem>
