<?xml version="1.0" encoding="iso-8859-1" ?>
<newsitem itemid="38356" id="root" date="1996-09-06" xml:lang="en">
<title>JORDAN: Israel's tourism minister to visit Jordan.</title>
<headline>Israel's tourism minister to visit Jordan.</headline>
<dateline>AMMAN 1996-09-06</dateline>
<text>
<p>Israel's Tourism Minister Moshe Katsav will visit Jordan on Monday to discuss ways to boost cooperation and lure more tourists to the region, officials said on Friday.</p>
<p>Tens of thousands of Israelis have visited Jordan since it signed a peace treaty with Israel in October 1994, ending a 46-year-state of war between the two neighbours and encouraging them to market their countries' ancient riches on package tours worldwide.</p>
<p>Tourism has shown the most visible gains from the treaty in Israel and Jordan with more European and American guests visiting the region.</p>
<p>But it has suffered recently from uncertainty of future Middle East peace moves after the election of Israel's new hardline Prime Minister Benjamin Netanyahu in May and U.S. air strikes against Iraq earlier this month.</p>
</text>
<copyright>(c) Reuters Limited 1996</copyright>
<metadata>
<codes class="bip:countries:1.0">
  <code code="ISRAEL">
    <editdetail attribution="Reuters BIP Coding Group" action="confirmed" date="1996-09-06"/>
  </code>
  <code code="JORDAN">
    <editdetail attribution="Reuters BIP Coding Group" action="confirmed" date="1996-09-06"/>
  </code>
</codes>
<codes class="bip:topics:1.0">
  <code code="GCAT">
    <editdetail attribution="Reuters BIP Coding Group" action="confirmed" date="1996-09-06"/>
  </code>
  <code code="GDIP">
    <editdetail attribution="Reuters BIP Coding Group" action="confirmed" date="1996-09-06"/>
  </code>
</codes>
<dc element="dc.date.created" value="1996-09-06"/>
<dc element="dc.publisher" value="Reuters Holdings Plc"/>
<dc element="dc.date.published" value="1996-09-06"/>
<dc element="dc.source" value="Reuters"/>
<dc element="dc.creator.location" value="AMMAN"/>
<dc element="dc.creator.location.country.name" value="JORDAN"/>
<dc element="dc.source" value="Reuters"/>
</metadata>
</newsitem>
