<?xml version="1.0" encoding="iso-8859-1" ?>
<newsitem itemid="52237" id="root" date="1996-09-13" xml:lang="en">
<title>UK: Prince Charles launches attack on ugly mass tourism.</title>
<headline>Prince Charles launches attack on ugly mass tourism.</headline>
<dateline>LONDON 1996-09-13</dateline>
<text>
<p>Prince Charles on Friday attacked &quot;eyesore&quot; hotels and said insensitive mass tourism should not be allowed to destroy the beauty spots of the world.</p>
<p>The prince, a keen environmentalist and forthright critic of modern architecture, launched his ecology crusade with an article in the Green Hotelier Magazine.</p>
<p>&quot;Customers, employees, governments and local communities will surely reward hoteliers who safeguard rather then endanger the environment and who preserve rather than despoil our natural treasures for the benefit of future generations,&quot; he wrote.</p>
<p>In his first major project since his divorce last month from Princess Diana, he praised the &quot;handful of sensitive developers, planners, architects and builders&quot; who take the environment into account.</p>
<p>Calling for more sympathetic development, the British heir to the throne said there were &quot;too many eyesores&quot; designed as cheap, featureless dormitory blocks.</p>
</text>
<copyright>(c) Reuters Limited 1996</copyright>
<metadata>
<codes class="bip:countries:1.0">
  <code code="UK">
    <editdetail attribution="Reuters BIP Coding Group" action="confirmed" date="1996-09-13"/>
  </code>
</codes>
<codes class="bip:topics:1.0">
  <code code="GCAT">
    <editdetail attribution="Reuters BIP Coding Group" action="confirmed" date="1996-09-13"/>
  </code>
  <code code="GENV">
    <editdetail attribution="Reuters BIP Coding Group" action="confirmed" date="1996-09-13"/>
  </code>
  <code code="GTOUR">
    <editdetail attribution="Reuters BIP Coding Group" action="confirmed" date="1996-09-13"/>
  </code>
</codes>
<dc element="dc.date.created" value="1996-09-13"/>
<dc element="dc.publisher" value="Reuters Holdings Plc"/>
<dc element="dc.date.published" value="1996-09-13"/>
<dc element="dc.source" value="Reuters"/>
<dc element="dc.creator.location" value="LONDON"/>
<dc element="dc.creator.location.country.name" value="UK"/>
<dc element="dc.source" value="Reuters"/>
</metadata>
</newsitem>
