<?xml version="1.0" encoding="iso-8859-1" ?>
<newsitem itemid="63689" id="root" date="1996-09-19" xml:lang="en">
<title>UK: Full text of July 30 UK monetary minutes.</title>
<headline>Full text of July 30 UK monetary minutes.</headline>
<dateline>LONDON 1996-09-18</dateline>
<text>
<p>The following is the complete text of the minutes of the July 30 monthly monetary policy meeting between Chancellor of the Exchequer Kenneth Clarke and Bank of England Governor Eddie George:</p>
<p>The Chancellor of the Exchequer and the Governor of the Bank of England met, together with officials, on 30 July, to review monetary developments.</p>
<p>Monetary and Economic Developments</p>
<p>2. Latest monetary and economic data (reviewed by officials before the meeting) provided further evidence of weaker cost and price pressures. While output data showed growth remaining below trend, recent indicators of business confidence and consumer demand were more buoyant.</p>
<p>Inflation Indicators</p>
<p>3. Underlying inflation (RPI excluding mortgage interest payments - RPIX) was unchanged in June, at 2.8 per cent. All-items RPI inflation fell by 0.1 percentage point, to 2.1 per cent, as recent mortgage rate cuts continued to take effect.</p>
<p>4. Most other price and cost indicators confirmed that inflationary pressures remained weak:</p>
<p>- the oil price had fallen to $18.9 per barrel, and non-oil commodity prices had continued to decline; but sterling's effective exchange rate index fell by nearly 2 per cent over the period since the last meeting, to stand at 85.1;</p>
<p>- total non-oil import prices fell by 0.8 per cent in the three months to May compared to the previous three months; and non-EC import prices fell by 0.3 per cent in the three months to June;</p>
<p>- producer input prices for manufacturing (excluding food, beverage, tobacco and petroleum industries) fell again in June, by 1.3 per cent; and compared to a year ago they were 4.7 per cent lower. The CIPS survey input price indicator also fell sharply in June;</p>
<p>- producer output prices for manufacturing (excluding FBTP) rose by 0.1 per cent in June;  and the annual inflation rate fell to 2.0 per cent, from 2.4 per cent in May.  </p>
<p>The CBI survey output price expectations balance was little changed;</p>
<p>- the annual growth rate of underlying average earnings fell to 3.5 per cent in May, down from 3.75 per cent in April;</p>
<p>- IRS median pay settlements were unchanged at 3.0 per cent in June.</p>
<p>Monetary and Financial Indicators</p>
<p>5. No new M0 data had been published since the last meeting, although provisional and partial information suggested that growth had fallen back again following the sharp rise in June. Both M4 and M4 lending grew by 0.7 per cent in June, down from 0.8 per cent in May. The 12-month growth rates for M4 and M4 lending rose slightly to 10.0 per cent and 9.4 per cent respectively.</p>
<p>6. No new data on house prices were available since the last meeting. Housing market transactions had started to recover; particulars delivered (which lag actual transactions) in the three months to June were 4.7 per cent up on the previous three months, although only 1.7 per cent up on a year earlier.</p>
<p>7. Short-term interest rates were little changed in the US since the last meeting, but had fallen slightly  in Germany, and risen slightly in Japan. Official rates had been reduced in Italy. UK short-term interest rates were little changed. Forward interest rates implicit in short-sterling futures contracts were also little changed for September 1996, but had fallen (by up to 20 basis points) for longer maturities.</p>
<p>8. 10-year bond yields in the US had risen by around 10 basis points, but had fallen by over 10 basis points in Germany, and were little changed in Japan. In the UK, yields on conventional gilts were little changed at all maturities. Since the 3 July meeting inflation expectations implied by the gilt yield curve (calculated by the Bank from the difference between the yields on conventional and index-linked bonds) had risen slightly for both 5 and 10 years ahead.</p>
<p>Activity Indicators</p>
<p>9.Overseas data indicated that US activity remained strong, and there were further signs of recovery in Japan.  Activity indicators in Germany remained mixed:</p>
<p>- in the US the June employment numbers were again strong, and unemployment had fallen to 5.3 per cent - the lowest rate since June 1990. Industrial production rose by 0.5 per cent in June, following a rise of 0.5 per cent in May also;</p>
<p>- in Japan industrial production rose by 2.4 per cent in May, following a rise of 3.2 per cent in April;</p>
<p>- in Germany industrial production rose by 1.0 per cent in May; but business confidence fell back sharply in June, and unemployment rose slightly.</p>
<p>10. The preliminary estimates of UK GDP growth in 1996 Q2 showed that whole economy and non-oil GDP grew by 0.4 per cent and 0.3 per cent respectively. Annual whole economy GDP growth in Q2 was 1.8 per cent, down from 1.9 per cent in Q1. Services output was estimated to have grown by 0.7 per cent in Q2, and was 2.7 per cent higher than a year earlier.</p>
<p>11. Other output data were consistent with growth overall below trend; but consumer indicators were again strong, and survey information pointed to more buoyant business confidence:</p>
<p>- manufacturing output was unchanged in May.  However, in the three months to May it was 0.4 per cent higher than a year earlier. Total industrial production rose by 0.8 per cent in May, and in the latest three months was up 1.2 per cent on a year earlier;</p>
<p>- all major business surveys were more buoyant. The June CIPS survey and July CBI survey both showed an increase in output and new orders' indicators. The BCC survey was also stronger;</p>
<p>- retail sales rose by 1.3 per cent in June, and figures for April and May were also evised up. In the three months to June sales were 2.7 per cent higher than in the same period a year earlier;</p>
<p>- survey indicators in the retail sector also remained strong: consumer confidence rose slightly, and in the June CBI Distributive Trades Survey the balance of retailers expecting higher sales remained at a high level by historical standards;</p>
<p>-  claimant unemployment fell by 14,300 in June, and unfilled vacancies at Jobcentres rose by 13,000.  </p>
<p>Summary of discussion</p>
<p>12. The Governor said that the data that had become available since the 3 July meeting served to reinforce the prospect of weak inflationary pressures in the short run on the one hand, but increasing strength of domestic demand - especially consumption - in the period ahead on the other.  In that context the Bank's August Inflation Report would point to a somewhat greater upside risk to the inflation target by the spring/summer of 1998 than was projected in the May Report.</p>
<p>13. Immediate cost and price pressures remained weak in June. Producer input prices, in particular, again had fallen (to 2 per cent below their level of a year earlier, or -4.7 per cent ex FBTP) helped by the temporary appreciation of sterling; and output prices had risen by only 0.1 per cent (a rise of around 2.25 per cent on the year, excluding excise duties), with the survey evidence suggesting that they would remain subdued over the next few months at least. Underlying earnings growth had edged downwards (to 3.5 per cent in the year to May), and pay settlements remained just below 3.5 per cent in June on the Bank's 3-month employment-weighted average.  Although claimant unemployment had continued to decline, and job vacancies to increase, the LFS suggested that the demand for labour had not been rising in the spring.  Retail price inflation had not fallen as the Bank had expected in June (RPIX, RPIY and the headline rate were all unchanged from May, at 2.8 per cent, 2.3 per cent and 2.1 per cent respectively) partly because of food and household goods prices - with the summer sales perhaps starting later this year.  The Bank nevertheless continued to expect that RPIX would resume its fall in the autumn - to below 2.5 per cent - before it began to pick up again in the course of next year.</p>
<p>14. The Governor noted that further ahead, the inflation prospect depended on the speed and strength of the upturn in demand and activity.  New data on this, as well as all the main surveys since the last meeting, had been relatively strong. This made the preliminary estimate for GDP growth in Q2 (+0.4 per cent, or +0.3 per cent for non-oil GDP) disappointingly weak. In part this was explained by the fall in agricultural output as a result of the BSE crisis - without which output growth would in fact have picked up, again led by the services sector.</p>
<p>15. As it was, retail sales volumes (helped by sales of summer clothing) were very strong in June - up 1.3 per cent - and the April and May figures had been revised up to give a 1.3 per cent quarterly rise over Q1 and a 2.7 per cent rise over Q2 last year. There had also been a significant improvement in both the CBI's Distributive Trades and the consumer confidence surveys.  And, although Halifax house prices had fallen modestly in June, the underlying recovery of demand in the housing market appeared intact, with a modest improvement in turnover, net lending, new commitments and the number of site visitors over the past 2-3 months.  Business confidence too appeared to be improving, to judge from the quarterly CBI and BCC surveys, as well as the earlier survey of Purchasing Managers.</p>
<p>16. The latest money and credit data remained consistent with the prospect of rising nominal demand growth later this year and next.  Narrow money growth remained at 7 per cent year-on-year, and faster on a 3- or 6-month annualised basis. And there was little sign in the June data of any significant deceleration in the underlying growth of either broad money or M4 lending - both rising at about 9 per cent on a 3-month annualised basis to June. First estimates of the sectoral breakdown of money and credit in Q2 showed that individuals' deposits had continued to rise strongly, as had ICCs' deposits, although OFIs' deposits had risen more slowly than in Q1 (when they were inflated by the introduction of the gilt repo market). Consumer credit had also grown strongly in Q2 despite a more moderate figure for June.</p>
<p>17. The Governor concluded that, taken as a whole, the evidence since the last meeting suggested more clearly than before that the pick-up in demand - driven by household demand - that we had all been expecting was now beginning to occur.  On that basis the Bank saw no justification for further policy stimulus.  In fact, as the Chancellor knew, the Bank would prefer short-term rates at 6 per cent.  It was possible that this month's data exaggerated the underlying acceleration of demand.  But the opposite risk was that if the acceleration continued through the summer and into the autumn it would become increasingly difficult to moderate.</p>
<p>18. The Chancellor said that there was almost universal agreement that the economy was now picking up.  His expectation of stronger growth in the second half of the year was undiminished. In his view, this was to be welcomed but needed to be seen against the background of below trend growth in recent quarters.  The preliminary figures for GDP in Q2 were a little disappointing and surprising, though perhaps distorted downwards by a one-off BSE effect on agricultural output.  For manufacturing, the actual data did not yet show a pick-up in output, although the survey evidence was much more encouraging.</p>
<p>19. Continuing, the Chancellor noted that consumption was now stronger. Retail sales in June had picked up strongly, although they were still only  2.7 per cent up on a year earlier, and followed a run of more disappointing data.  Retail markets also remained very competitive, with little sign of upward pressure on margins. The housing market had picked up steadily. The Halifax and Nationwide house price indices were now sending consistent signals but were probably affected by shortages of  particular types of property in some areas. Turnover had begun  to pick up but this was from a very low base. Monetary growth was little changed.</p>
<p>20. Inflation data remained extremely encouraging. Commodity prices had fallen. Producer input price inflation (on an annual basis) had turned negative in June for the first time in two years, and output price inflation fell again to 2.6 per cent in June (compared with 2.8 per cent in May).  RPIX inflation was unchanged in June at 2.8 per cent, and was expected to decline further in the coming months.  The Chancellor was also encouraged by the labour market data, as unemployment continued to fall while earnings growth fell back to 3.5 per cent in June, and settlements showed little change. Although sterling had slipped from its highs in the previous month, it had stabilised over the past couple of weeks.</p>
</text>
<copyright>(c) Reuters Limited 1996</copyright>
<metadata>
<codes class="bip:countries:1.0">
  <code code="UK">
    <editdetail attribution="Reuters BIP Coding Group" action="confirmed" date="1996-09-19"/>
  </code>
</codes>
<codes class="bip:topics:1.0">
  <code code="E12">
    <editdetail attribution="Reuters BIP Coding Group" action="confirmed" date="1996-09-19"/>
  </code>
  <code code="ECAT">
    <editdetail attribution="Reuters BIP Coding Group" action="confirmed" date="1996-09-19"/>
  </code>
</codes>
<dc element="dc.date.created" value="1996-09-18"/>
<dc element="dc.publisher" value="Reuters Holdings Plc"/>
<dc element="dc.date.published" value="1996-09-19"/>
<dc element="dc.source" value="Reuters"/>
<dc element="dc.creator.location" value="LONDON"/>
<dc element="dc.creator.location.country.name" value="UK"/>
<dc element="dc.source" value="Reuters"/>
</metadata>
</newsitem>
