<?xml version="1.0" encoding="iso-8859-1" ?>
<newsitem itemid="67673" id="root" date="1996-09-20" xml:lang="en">
<title>TUNISIA: Tunisia expects slight rise in tourism earnings.</title>
<headline>Tunisia expects slight rise in tourism earnings.</headline>
<dateline>TUNIS 1996-09-20</dateline>
<text>
<p>Tunisia expects a slight rise this year in earnings from tourism, its biggest source of hard currency, Tourism and Handicrafts Minister Slaheddine Maaoui said in remarks published on Friday.</p>
<p>Earnings from tourism were expected to reach 1.4 billion dinars in 1996, up from 1.322 billion dinars in 1995 and 1.317 billion dinars in 1994.</p>
<p>More than four million tourists visited the north African country last year. ($=0.97 dinar)</p>
</text>
<copyright>(c) Reuters Limited 1996</copyright>
<metadata>
<codes class="bip:countries:1.0">
  <code code="TUNIS">
    <editdetail attribution="Reuters BIP Coding Group" action="confirmed" date="1996-09-20"/>
  </code>
</codes>
<codes class="bip:topics:1.0">
  <code code="E51">
    <editdetail attribution="Reuters BIP Coding Group" action="confirmed" date="1996-09-20"/>
  </code>
  <code code="E511">
    <editdetail attribution="Reuters BIP Coding Group" action="confirmed" date="1996-09-20"/>
  </code>
  <code code="ECAT">
    <editdetail attribution="Reuters BIP Coding Group" action="confirmed" date="1996-09-20"/>
  </code>
  <code code="GCAT">
    <editdetail attribution="Reuters BIP Coding Group" action="confirmed" date="1996-09-20"/>
  </code>
  <code code="GTOUR">
    <editdetail attribution="Reuters BIP Coding Group" action="confirmed" date="1996-09-20"/>
  </code>
</codes>
<dc element="dc.date.created" value="1996-09-20"/>
<dc element="dc.publisher" value="Reuters Holdings Plc"/>
<dc element="dc.date.published" value="1996-09-20"/>
<dc element="dc.source" value="Reuters"/>
<dc element="dc.creator.location" value="TUNIS"/>
<dc element="dc.creator.location.country.name" value="TUNISIA"/>
<dc element="dc.source" value="Reuters"/>
</metadata>
</newsitem>
