<?xml version="1.0" encoding="iso-8859-1" ?>
<newsitem itemid="3648" id="root" date="1996-08-20" xml:lang="en">
<title>USA: School spending initiative set for Calif. ballot.</title>
<headline>School spending initiative set for Calif. ballot.</headline>
<dateline>SACRAMENTO, Calif. 1996-08-20</dateline>
<text>
<p>California's Secretary of State said on Tuesday an initiative that would limit spending by school districts on administration qualified for the June 1998 ballot.</p>
<p>The initiative would prohibit schools from spending more than five percent of funds from all sources for costs of administration. The initiative would require the state Board of Education to fine districts that fail to comply.</p>
<p>The initiative, called &quot;School. Spending Limits on Administration,&quot; is the first initiative to qualify for the June 1998 ballot, Secretary of State Bill Jones said.</p>
</text>
<copyright>(c) Reuters Limited 1996</copyright>
<metadata>
<codes class="bip:countries:1.0">
  <code code="USA">
    <editdetail attribution="Reuters BIP Coding Group" action="confirmed" date="1996-08-20"/>
  </code>
</codes>
<codes class="bip:topics:1.0">
  <code code="E21">
    <editdetail attribution="Reuters BIP Coding Group" action="confirmed" date="1996-08-20"/>
  </code>
  <code code="E211">
    <editdetail attribution="Reuters BIP Coding Group" action="confirmed" date="1996-08-20"/>
  </code>
  <code code="ECAT">
    <editdetail attribution="Reuters BIP Coding Group" action="confirmed" date="1996-08-20"/>
  </code>
  <code code="GCAT">
    <editdetail attribution="Reuters BIP Coding Group" action="confirmed" date="1996-08-20"/>
  </code>
</codes>
<dc element="dc.date.created" value="1996-08-20"/>
<dc element="dc.publisher" value="Reuters Holdings Plc"/>
<dc element="dc.date.published" value="1996-08-20"/>
<dc element="dc.source" value="Reuters"/>
<dc element="dc.creator.location" value="SACRAMENTO, Calif."/>
<dc element="dc.creator.location.country.name" value="USA"/>
<dc element="dc.source" value="Reuters"/>
</metadata>
</newsitem>
