<?xml version="1.0" encoding="iso-8859-1" ?>
<newsitem itemid="51441" id="root" date="1996-09-13" xml:lang="en">
<title>BULGARIA: Bulgaria first mass sell-off tender due in October.</title>
<headline>Bulgaria first mass sell-off tender due in October.</headline>
<dateline>SOFIA 1996-09-13</dateline>
<text>
<p>Bulgaria's Voucher Privatisation Tender Commission said on Friday the first tender would be held in October as part of the country's mass sell-off programme.</p>
<p>&quot;Some 1,000 firms with a total capital of 90 billion levs ($392.7 million) will participate in the first voucher privatisation tender in October,&quot; the commission's chairman Yosif Iliev told a news conference.</p>
<p>He added that about 970 companies were ready to participate in the voucher privatisation so far.</p>
<p>The minimum price limit per share is expected to be 500 investment vouchers for 50 of the firms up for sale, up to 1,000 vouchers for a further 420 firms, up to 1,600 vouchers for 455 firms and above 1,600 for the remaining 50 firms.</p>
<p>The minimum price limits will be finalised next week. -- Sofia Newsroom, (++359-2) 981 4145 ($ = 229.2 Bulgarian Levs)</p>
</text>
<copyright>(c) Reuters Limited 1996</copyright>
<metadata>
<codes class="bip:countries:1.0">
  <code code="BUL">
    <editdetail attribution="Reuters BIP Coding Group" action="confirmed" date="1996-09-13"/>
  </code>
</codes>
<codes class="bip:topics:1.0">
  <code code="C183">
    <editdetail attribution="Reuters BIP Coding Group" action="confirmed" date="1996-09-13"/>
  </code>
</codes>
<dc element="dc.date.created" value="1996-09-13"/>
<dc element="dc.publisher" value="Reuters Holdings Plc"/>
<dc element="dc.date.published" value="1996-09-13"/>
<dc element="dc.source" value="Reuters"/>
<dc element="dc.creator.location" value="SOFIA"/>
<dc element="dc.creator.location.country.name" value="BULGARIA"/>
<dc element="dc.source" value="Reuters"/>
</metadata>
</newsitem>
