<?xml version="1.0" encoding="iso-8859-1" ?>
<newsitem itemid="59301" id="root" date="1996-09-17" xml:lang="en">
<title>USA: Lehman wins Tennessee School Bond Authority.</title>
<headline>Lehman wins Tennessee School Bond Authority.</headline>
<dateline>NEW YORK 1996-09-17</dateline>
<text>
<p>Lehman Brothers said it won $55 million of Tennessee State School Bond Authority higher educational facilities bonds, 1996 refunding Series B, with a true interest cost (TIC) of 5.183 percent.</p>
</text>
<copyright>(c) Reuters Limited 1996</copyright>
<metadata>
<codes class="bip:countries:1.0">
  <code code="USA">
    <editdetail attribution="Reuters BIP Coding Group" action="confirmed" date="1996-09-17"/>
  </code>
</codes>
<codes class="bip:topics:1.0">
  <code code="E21">
    <editdetail attribution="Reuters BIP Coding Group" action="confirmed" date="1996-09-17"/>
  </code>
  <code code="E212">
    <editdetail attribution="Reuters BIP Coding Group" action="confirmed" date="1996-09-17"/>
  </code>
  <code code="ECAT">
    <editdetail attribution="Reuters BIP Coding Group" action="confirmed" date="1996-09-17"/>
  </code>
</codes>
<dc element="dc.date.created" value="1996-09-17"/>
<dc element="dc.publisher" value="Reuters Holdings Plc"/>
<dc element="dc.date.published" value="1996-09-17"/>
<dc element="dc.source" value="Reuters"/>
<dc element="dc.creator.location" value="NEW YORK"/>
<dc element="dc.creator.location.country.name" value="USA"/>
<dc element="dc.source" value="Reuters"/>
</metadata>
</newsitem>
