<?xml version="1.0" encoding="iso-8859-1" ?>
<newsitem itemid="6409" id="root" date="1996-08-21" xml:lang="en">
<title>USA: Ohio lawmaker proposes $2.5 bln bonds for schools.</title>
<headline>Ohio lawmaker proposes $2.5 bln bonds for schools.</headline>
<dateline>CHICAGO 1996-08-21</dateline>
<text>
<p>An Ohio lawmaker has proposed a five-year, $2.5 billion bonding plan for school construction and renovation.</p>
<p>State Rep. Jack Cera, D-Dellaire, said he planned to introduce a bill soon in the legislature that would allow the state to issue general obligation bonds for schools.</p>
<p>He said a recent U.S. Goverment Accounting Office study on the condition of schools placed Ohio at the bottom of the list.</p>
<p>&quot;We're spending $14 per person on prisons and 80 cents per persons on schools,&quot; Cera said. &quot;It's kind of backwards in my view.&quot;</p>
<p>Gov. George Voinovich had proposed a voter referendum on a $1 billion, 10-year state bonding plan for schools. However, the measure failed to win support of lawmakers earlier this year.</p>
<p>--Karen Pierog, 312-408-8647</p>
</text>
<copyright>(c) Reuters Limited 1996</copyright>
<metadata>
<codes class="bip:countries:1.0">
  <code code="USA">
    <editdetail attribution="Reuters BIP Coding Group" action="confirmed" date="1996-08-21"/>
  </code>
</codes>
<codes class="bip:topics:1.0">
  <code code="E21">
    <editdetail attribution="Reuters BIP Coding Group" action="confirmed" date="1996-08-21"/>
  </code>
  <code code="E212">
    <editdetail attribution="Reuters BIP Coding Group" action="confirmed" date="1996-08-21"/>
  </code>
  <code code="ECAT">
    <editdetail attribution="Reuters BIP Coding Group" action="confirmed" date="1996-08-21"/>
  </code>
</codes>
<dc element="dc.date.created" value="1996-08-21"/>
<dc element="dc.publisher" value="Reuters Holdings Plc"/>
<dc element="dc.date.published" value="1996-08-21"/>
<dc element="dc.source" value="Reuters"/>
<dc element="dc.creator.location" value="CHICAGO"/>
<dc element="dc.creator.location.country.name" value="USA"/>
<dc element="dc.source" value="Reuters"/>
</metadata>
</newsitem>
