<?xml version="1.0" encoding="iso-8859-1" ?>
<newsitem itemid="70619" id="root" date="1996-09-23" xml:lang="en">
<title>USA: Harrison Cty, Miss., to vote on $23 mln school GOs.</title>
<headline>Harrison Cty, Miss., to vote on $23 mln school GOs.</headline>
<dateline>GULFPORT, Miss 1996-09-23</dateline>
<text>
<p>Mississippi's Harrison County has scheduled a Nov 5 referendum on $23 million of general obligation bonds for schools, an aide to Superintendent Henry Arledge said Monday.</p>
<p>Although Nov 5 was already the date for the general election, the county had to call a special election for the school bond referendum. The school board approved the referendum Sept 9, four days too late to comply with a state law requiring it to give the county elections commission 60 days notice to prepare the ballots.</p>
<p>Rather than incur the cost of a second election, the school board asked the county to declare a special election, which does not require 60 days notice.</p>
<p>County elections officials agreed to do so after the state attorney general said the procedure was legal.</p>
<p>Bond proceeds would finance construction of two new elementary schools and classroom additions at two high schools. About $5 million would also be used for school construction.</p>
<p>--Jane Sutton, 305-374-5013</p>
</text>
<copyright>(c) Reuters Limited 1996</copyright>
<metadata>
<codes class="bip:countries:1.0">
  <code code="USA">
    <editdetail attribution="Reuters BIP Coding Group" action="confirmed" date="1996-09-23"/>
  </code>
</codes>
<codes class="bip:topics:1.0">
  <code code="E21">
    <editdetail attribution="Reuters BIP Coding Group" action="confirmed" date="1996-09-23"/>
  </code>
  <code code="E212">
    <editdetail attribution="Reuters BIP Coding Group" action="confirmed" date="1996-09-23"/>
  </code>
  <code code="ECAT">
    <editdetail attribution="Reuters BIP Coding Group" action="confirmed" date="1996-09-23"/>
  </code>
</codes>
<dc element="dc.date.created" value="1996-09-23"/>
<dc element="dc.publisher" value="Reuters Holdings Plc"/>
<dc element="dc.date.published" value="1996-09-23"/>
<dc element="dc.source" value="Reuters"/>
<dc element="dc.creator.location" value="GULFPORT, Miss"/>
<dc element="dc.creator.location.country.name" value="USA"/>
<dc element="dc.source" value="Reuters"/>
</metadata>
</newsitem>
