<?xml version="1.0" encoding="iso-8859-1" ?>
<newsitem itemid="11114" id="root" date="1996-08-23" xml:lang="en">
<title>BOSNIA: U.S. takes aim at Bosnian crime, election security.</title>
<headline>U.S. takes aim at Bosnian crime, election security.</headline>
<byline>Kurt Schork</byline>
<dateline>SARAJEVO 1996-08-23</dateline>
<text>
<p>A high-ranking team of U.S. law enforcement experts has arrived in Sarajevo to aid the Bosnian government's fight against organised crime and to help ensure security for next month's national elections.</p>
<p>&quot;We are concerned about organised crime in Bosnia, as are Bosnian officials, and especially about narcotics trafficking,&quot; the team leader, U.S. Assistant Secretary of State Robert Gelbard, told reporters on Friday.</p>
<p>&quot;Eastern Europe is being swamped by a tidal wave of drugs which originate with the opium and heroin trade from Afghanistan. The old Balkan route is opening up again with connections to Turkey, Italy, many countries.&quot;</p>
<p>Gelbard met with officials from the country's Moslem-Croat federation and from its Serb republic during the week, emphasising the need for law enforcement cooperation both within Bosnia and between Bosnia and its European neighbours.</p>
<p>Describing drugs and organised crime as &quot;trans-national&quot; problems, Gelbard said post-war Bosnia needs help in restoring its entire criminal justice system, from local police all the way through the ranks of the judiciary.</p>
<p>&quot;Bosnian officials admit that their pre-war organised crime-fighting capability has been lost,&quot; the envoy said.</p>
<p>&quot;They have to develop an institutional capability to combat crime and narcotics, they have to realise that these are threats against the security of their government.&quot;</p>
<p>Warlords carved up much of Bosnia during 43-months of war, dealing stolen automobiles, guns, drugs, food, fuel and human beings across front lines for enormous profit.</p>
<p>Even in peace some of those same individuals and their organisations remain active. The counterfeiting of money and identity documents is a growing problem in Bosnia as well.</p>
<p>Gelbard said the United States is prepared to provide training and technical assistance to Bosnia.</p>
<p>More funds could come from a law enforcement donor's conference for Bosnia scheduled to be held in Dublin on September 28.</p>
<p>As for security for September 14 elections, the envoy said he was satisfied that NATO-led combat troops, U.N. and local police were developing &quot;reasonable&quot; plans to deal with potential violence on election day.</p>
<p>Authorities are concerned about potentially significant movements of voters across de facto ethnic boundary lines as they attempt to cast ballots in towns from which they fled or were expelled during the 43-month Bosnian war.</p>
<p>NATO troops and U.N. police flooded the tense Bosnian city of Mostar during recent municipal elections there and prevented violence. Gelbard said the same approach might be used to calm likely flashpoints in the national elections.</p>
<p>The Organisation for Cooperation and Security in Europe, which is supervising elections, has also considered erecting polling stations on either side of tense ethnic boundary lines so people could vote in the place where they are registered without crossing.</p>
</text>
<copyright>(c) Reuters Limited 1996</copyright>
<metadata>
<codes class="bip:countries:1.0">
  <code code="BSHZG">
    <editdetail attribution="Reuters BIP Coding Group" action="confirmed" date="1996-08-23"/>
  </code>
  <code code="USA">
    <editdetail attribution="Reuters BIP Coding Group" action="confirmed" date="1996-08-23"/>
  </code>
</codes>
<codes class="bip:topics:1.0">
  <code code="GCAT">
    <editdetail attribution="Reuters BIP Coding Group" action="confirmed" date="1996-08-23"/>
  </code>
  <code code="GCRIM">
    <editdetail attribution="Reuters BIP Coding Group" action="confirmed" date="1996-08-23"/>
  </code>
  <code code="GDIP">
    <editdetail attribution="Reuters BIP Coding Group" action="confirmed" date="1996-08-23"/>
  </code>
</codes>
<dc element="dc.date.created" value="1996-08-23"/>
<dc element="dc.publisher" value="Reuters Holdings Plc"/>
<dc element="dc.date.published" value="1996-08-23"/>
<dc element="dc.source" value="Reuters"/>
<dc element="dc.creator.location" value="SARAJEVO"/>
<dc element="dc.creator.location.country.name" value="BOSNIA"/>
<dc element="dc.source" value="Reuters"/>
</metadata>
</newsitem>
