<?xml version="1.0" encoding="iso-8859-1" ?>
<newsitem itemid="25956" id="root" date="1996-08-31" xml:lang="en">
<title>HONG KONG: Hong Kong jails 88-year-old drug trafficker.</title>
<headline>Hong Kong jails 88-year-old drug trafficker.</headline>
<dateline>HONG KONG 1996-08-31</dateline>
<text>
<p>An 88-year-old army veteran was jailed for 15 years by a Hong Kong court for drugs trafficking after he admitted he had stashed heroin under his mattress, a newspaper said on Saturday.</p>
<p>&quot;I am sorry to my ancestors for five generations,&quot; Chen Chun-yeh told the High Court after sentencing on Friday, the Hong Kong Standard said. &quot;Tell my sons to collect my bones,&quot; he said after hearing he was likely to die behind bars.</p>
<p>Chen, a former army secretary of the Chinese Nationalist regime which fled from mainland China to Taiwan in 1949, pleaded guilty to trafficking 42 kg (92 pounds) of drugs that could have been turned into 25 kg (55 pounds) of heroin.</p>
<p>The ex-officer admitted stashing heroin under his mattress.</p>
</text>
<copyright>(c) Reuters Limited 1996</copyright>
<metadata>
<codes class="bip:countries:1.0">
  <code code="HKONG">
    <editdetail attribution="Reuters BIP Coding Group" action="confirmed" date="1996-08-31"/>
  </code>
</codes>
<codes class="bip:topics:1.0">
  <code code="GCAT">
    <editdetail attribution="Reuters BIP Coding Group" action="confirmed" date="1996-08-31"/>
  </code>
  <code code="GCRIM">
    <editdetail attribution="Reuters BIP Coding Group" action="confirmed" date="1996-08-31"/>
  </code>
</codes>
<dc element="dc.date.created" value="1996-08-31"/>
<dc element="dc.publisher" value="Reuters Holdings Plc"/>
<dc element="dc.date.published" value="1996-08-31"/>
<dc element="dc.source" value="Reuters"/>
<dc element="dc.creator.location" value="HONG KONG"/>
<dc element="dc.creator.location.country.name" value="HONG KONG"/>
<dc element="dc.source" value="Reuters"/>
</metadata>
</newsitem>
