<?xml version="1.0" encoding="iso-8859-1" ?>
<newsitem itemid="42907" id="root" date="1996-09-10" xml:lang="en">
<title>SOUTH AFRICA: RUGBY UNION-SOUTH AFRICAN GETS TWO-YEAR BAN FOR DRUG ABUSE.</title>
<headline>RUGBY UNION-SOUTH AFRICAN GETS TWO-YEAR BAN FOR DRUG ABUSE.</headline>
<dateline>JOHANNESBURG 1996-09-10</dateline>
<text>
<p>A South African player has been suspended for the maximum period of two years after failing a drugs test, the South African Rugby Football Union (SARFU) said on Tuesday.</p>
<p>Western Transvaal prop Rocco Pedder was banned from playing rugby at all levels until September 3 1998.</p>
<p>SARFU declined to name the banned substance involved but said Pedder's suspension illustrated the union's &quot;determination to rid South African rugby from the use of prohibited substances&quot;.</p>
<p>At the same hearing, Free State forward Jaco Coetzee had a 21-day ban for stamping increased to 51 days because he already had a 30-day suspended sentence for the same offence.</p>
</text>
<copyright>(c) Reuters Limited 1996</copyright>
<metadata>
<codes class="bip:countries:1.0">
  <code code="SAFR">
    <editdetail attribution="Reuters BIP Coding Group" action="confirmed" date="1996-09-10"/>
  </code>
</codes>
<codes class="bip:topics:1.0">
  <code code="GCAT">
    <editdetail attribution="Reuters BIP Coding Group" action="confirmed" date="1996-09-10"/>
  </code>
  <code code="GSPO">
    <editdetail attribution="Reuters BIP Coding Group" action="confirmed" date="1996-09-10"/>
  </code>
</codes>
<dc element="dc.date.created" value="1996-09-10"/>
<dc element="dc.publisher" value="Reuters Holdings Plc"/>
<dc element="dc.date.published" value="1996-09-10"/>
<dc element="dc.source" value="Reuters"/>
<dc element="dc.creator.location" value="JOHANNESBURG"/>
<dc element="dc.creator.location.country.name" value="SOUTH AFRICA"/>
<dc element="dc.source" value="Reuters"/>
</metadata>
</newsitem>
