<?xml version="1.0" encoding="iso-8859-1" ?>
<newsitem itemid="52913" id="root" date="1996-09-13" xml:lang="en">
<title>SINGAPORE: Singapore shares end higher, block deals dominate.</title>
<headline>Singapore shares end higher, block deals dominate.</headline>
<dateline>SINGAPORE 1996-09-13</dateline>
<text>
<p>The Singapore key share index ended higher on Friday with block deals driving the volume up, but trading was otherwise thin, dealers said.</p>
<p>Top active Goldtron saw a block deal of 15.30 million shares crossed between Singapore $0.915 and S$0.94. Inno-Pacific saw about 13 million shares crossed and Electro Resource saw about 13 million crossed.</p>
<p>The key Straits Times Industrials Index closed up 9.83 points at 2,126.27.</p>
<p>Market volume was a firm 148.19 million shares with 181 advances leading the declines by 181 to 136.  </p>
<p>Commercial property stocks came under pressure earlier after Baring's call to &quot;underweigh&quot; the property sector, seeing a peak in demand for office space.</p>
<p>The Stock Exchange of Singapore Property Index recovered slightly at the close, up 0.38 points at 664.81.</p>
<p>Singapore Land was lower at noon, but ended unchanged at S$8.50. City Development was up S$0.20 at S$11.40.</p>
<p>Top gainer Singapore Press foreign rose S$0.40 to S$24.00. Bank stock OCBC foreign led the losers, falling S$0.20 to S$16.40.</p>
<p>--Seah Beng Nah, Singapore newsroom (65 8703080)</p>
</text>
<copyright>(c) Reuters Limited 1996</copyright>
<metadata>
<codes class="bip:countries:1.0">
  <code code="SINGP">
    <editdetail attribution="Reuters BIP Coding Group" action="confirmed" date="1996-09-13"/>
  </code>
</codes>
<codes class="bip:topics:1.0">
  <code code="M11">
    <editdetail attribution="Reuters BIP Coding Group" action="confirmed" date="1996-09-13"/>
  </code>
  <code code="MCAT">
    <editdetail attribution="Reuters BIP Coding Group" action="confirmed" date="1996-09-13"/>
  </code>
</codes>
<dc element="dc.date.created" value="1996-09-13"/>
<dc element="dc.publisher" value="Reuters Holdings Plc"/>
<dc element="dc.date.published" value="1996-09-13"/>
<dc element="dc.source" value="Reuters"/>
<dc element="dc.creator.location" value="SINGAPORE"/>
<dc element="dc.creator.location.country.name" value="SINGAPORE"/>
<dc element="dc.source" value="Reuters"/>
</metadata>
</newsitem>
